action,id,display_name,canonical_name,muscle,equipment,archetype,cameron_sets,cameron_workouts,last_used,proposed_canonical,notes
hide,seed-3_4_Sit-Up,,3/4 sit-up,abdominals,body only,sit_up,0,0,,,unused by Cameron and not a staple
hide,seed-90_90_Hamstring,,90/90 hamstring,hamstrings,body only,squat,0,0,,,stretch/SMR row
hide,seed-Ab_Crunch_Machine,,ab crunch machine,abdominals,machine,crunch,0,0,,,unused by Cameron and not a staple
hide,seed-Ab_Roller,,ab roller,abdominals,other,ab_rollout,0,0,,,unused by Cameron and not a staple
hide,seed-Adductor,,adductor,adductors,foam roll,hip_adduction,0,0,,,stretch/SMR row
hide,seed-Adductor_Groin,,adductor/groin,adductors,,hip_adduction,0,0,,,stretch/SMR row
hide,seed-Advanced_Kettlebell_Windmill,,advanced kettlebell windmill,abdominals,kettlebells,russian_twist,0,0,,,unused by Cameron and not a staple
hide,seed-Air_Bike,,air bike,abdominals,body only,cycling,0,0,,,unused by Cameron and not a staple
hide,seed-All_Fours_Quad_Stretch,,all fours quad stretch,quadriceps,body only,squat,0,0,,,stretch/SMR row
hide,seed-Alternate_Hammer_Curl,,alternate hammer curl,biceps,dumbbell,hammer_curl,0,0,,,unused by Cameron and not a staple
hide,seed-Alternate_Heel_Touchers,,alternate heel touchers,abdominals,body only,crunch,0,0,,,unused by Cameron and not a staple
hide,seed-Alternate_Incline_Dumbbell_Curl,,alternate incline dumbbell curl,biceps,dumbbell,incline_biceps_curl,0,0,,,unused by Cameron and not a staple
hide,seed-Alternate_Leg_Diagonal_Bound,,alternate leg diagonal bound,quadriceps,,box_jump,0,0,,,niche/unused category
hide,seed-Alternating_Cable_Shoulder_Press,,alternating cable shoulder press,shoulders,cable,shoulder_press,0,0,,,unused by Cameron and not a staple
hide,seed-Alternating_Deltoid_Raise,,alternating deltoid raise,shoulders,dumbbell,lateral_raise,0,0,,,unused by Cameron and not a staple
hide,seed-Alternating_Floor_Press,,alternating floor press,chest,kettlebells,bench_press,0,0,,,unused by Cameron and not a staple
hide,seed-Alternating_Hang_Clean,,alternating hang clean,hamstrings,kettlebells,power_clean,0,0,,,unused by Cameron and not a staple
hide,seed-Alternating_Kettlebell_Press,,alternating kettlebell press,shoulders,kettlebells,shoulder_press,0,0,,,unused by Cameron and not a staple
hide,seed-Alternating_Kettlebell_Row,,alternating kettlebell row,middle back,kettlebells,single_arm_row,0,0,,,unused by Cameron and not a staple
hide,seed-Alternating_Renegade_Row,,alternating renegade row,middle back,kettlebells,single_arm_row,0,0,,,unused by Cameron and not a staple
hide,seed-Ankle_Circles,,ankle circles,calves,,running,0,0,,,stretch/SMR row
hide,seed-Ankle_On_The_Knee,,ankle on the knee,glutes,,squat,0,0,,,stretch/SMR row
hide,seed-Anterior_Tibialis-SMR,,anterior tibialis-smr,calves,other,standing_calf_raise,0,0,,,stretch/SMR row
hide,seed-Anti-Gravity_Press,,anti-gravity press,shoulders,barbell,shoulder_press,0,0,,,unused by Cameron and not a staple
hide,seed-Arm_Circles,,arm circles,shoulders,,biceps_curl,0,0,,,stretch/SMR row
hide,seed-Arnold_Dumbbell_Press,,arnold dumbbell press,shoulders,dumbbell,arnold_press,0,0,,,unused by Cameron and not a staple
hide,seed-Around_The_Worlds,,around the worlds,chest,dumbbell,chest_fly,0,0,,,unused by Cameron and not a staple
hide,seed-Atlas_Stone_Trainer,,atlas stone trainer,lower back,other,power_clean,0,0,,,niche/unused category
hide,seed-Atlas_Stones,,atlas stones,lower back,other,power_clean,0,0,,,niche/unused category
hide,seed-Axle_Deadlift,,axle deadlift,lower back,other,deadlift,0,0,,,niche/unused category
hide,seed-Back_Flyes_-_With_Bands,,back flyes - with bands,shoulders,bands,rear_delt_fly,0,0,,,unused by Cameron and not a staple
hide,seed-Backward_Drag,,backward drag,quadriceps,other,sled_push_pull,0,0,,,niche/unused category
hide,seed-Backward_Medicine_Ball_Throw,,backward medicine ball throw,shoulders,medicine ball,running,0,0,,,niche/unused category
hide,seed-Balance_Board,,balance board,calves,other,running,0,0,,,unused by Cameron and not a staple
hide,seed-Ball_Leg_Curl,,ball leg curl,hamstrings,exercise ball,lying_leg_curl,0,0,,,unused by Cameron and not a staple
hide,seed-Band_Assisted_Pull-Up,,band assisted pull-up,lats,other,pull_up,0,0,,,unused by Cameron and not a staple
hide,seed-Band_Good_Morning,,band good morning,hamstrings,bands,good_morning,0,0,,,unused by Cameron and not a staple
hide,seed-Band_Good_Morning_Pull_Through,,band good morning (pull through),hamstrings,bands,good_morning,0,0,,,unused by Cameron and not a staple
hide,seed-Band_Hip_Adductions,,band hip adductions,adductors,bands,hip_adduction,0,0,,,unused by Cameron and not a staple
hide,seed-Band_Pull_Apart,,band pull apart,shoulders,bands,rear_delt_fly,0,0,,,unused by Cameron and not a staple
hide,seed-Band_Skull_Crusher,,band skull crusher,triceps,bands,skullcrusher,0,0,,,unused by Cameron and not a staple
hide,seed-Barbell_Ab_Rollout,,barbell ab rollout,abdominals,barbell,ab_rollout,0,0,,,unused by Cameron and not a staple
hide,seed-Barbell_Ab_Rollout_-_On_Knees,,barbell ab rollout - on knees,abdominals,barbell,ab_rollout,0,0,,,unused by Cameron and not a staple
hide,seed-Barbell_Bench_Press_-_Medium_Grip,,barbell bench press - medium grip,chest,barbell,bench_press,0,0,,,unused by Cameron and not a staple
hide,seed-Barbell_Curl,,barbell curl,biceps,barbell,biceps_curl,0,0,,,unused by Cameron and not a staple
hide,seed-Barbell_Curls_Lying_Against_An_Incline,,barbell curls lying against an incline,biceps,barbell,incline_biceps_curl,0,0,,,unused by Cameron and not a staple
hide,seed-Barbell_Full_Squat,,barbell full squat,quadriceps,barbell,squat,0,0,,,unused by Cameron and not a staple
hide,seed-Barbell_Glute_Bridge,,barbell glute bridge,glutes,barbell,hip_thrust,0,0,,,unused by Cameron and not a staple
hide,seed-Barbell_Guillotine_Bench_Press,,barbell guillotine bench press,chest,barbell,bench_press,0,0,,,unused by Cameron and not a staple
hide,seed-Barbell_Hack_Squat,,barbell hack squat,quadriceps,barbell,hack_squat,0,0,,,unused by Cameron and not a staple
hide,seed-Barbell_Hip_Thrust,,barbell hip thrust,glutes,barbell,hip_thrust,0,0,,,unused by Cameron and not a staple
hide,seed-Barbell_Incline_Bench_Press_-_Medium_Grip,,barbell incline bench press - medium grip,chest,barbell,incline_press,0,0,,,unused by Cameron and not a staple
hide,seed-Barbell_Incline_Shoulder_Raise,,barbell incline shoulder raise,shoulders,barbell,y_raise,0,0,,,unused by Cameron and not a staple
hide,seed-Barbell_Lunge,,barbell lunge,quadriceps,barbell,lunge,0,0,,,unused by Cameron and not a staple
hide,seed-Barbell_Rear_Delt_Row,,barbell rear delt row,shoulders,barbell,rear_delt_fly,0,0,,,unused by Cameron and not a staple
hide,seed-Barbell_Rollout_from_Bench,,barbell rollout from bench,abdominals,barbell,ab_rollout,0,0,,,unused by Cameron and not a staple
hide,seed-Barbell_Seated_Calf_Raise,,barbell seated calf raise,calves,barbell,seated_calf_raise,0,0,,,unused by Cameron and not a staple
hide,seed-Barbell_Shoulder_Press,,barbell shoulder press,shoulders,barbell,shoulder_press,0,0,,,unused by Cameron and not a staple
hide,seed-Barbell_Shrug,,barbell shrug,traps,barbell,shrug,0,0,,,unused by Cameron and not a staple
hide,seed-Barbell_Shrug_Behind_The_Back,,barbell shrug behind the back,traps,barbell,shrug,0,0,,,unused by Cameron and not a staple
hide,seed-Barbell_Side_Bend,,barbell side bend,abdominals,barbell,russian_twist,0,0,,,unused by Cameron and not a staple
hide,seed-Barbell_Side_Split_Squat,,barbell side split squat,quadriceps,barbell,split_squat,0,0,,,unused by Cameron and not a staple
hide,seed-Barbell_Squat,,barbell squat,quadriceps,barbell,squat,0,0,,,unused by Cameron and not a staple
hide,seed-Barbell_Squat_To_A_Bench,,barbell squat to a bench,quadriceps,barbell,squat,0,0,,,unused by Cameron and not a staple
hide,seed-Barbell_Step_Ups,,barbell step ups,quadriceps,barbell,step_up,0,0,,,unused by Cameron and not a staple
hide,seed-Barbell_Walking_Lunge,,barbell walking lunge,quadriceps,barbell,lunge,0,0,,,unused by Cameron and not a staple
hide,seed-Battling_Ropes,,battling ropes,shoulders,other,battle_ropes,0,0,,,unused by Cameron and not a staple
hide,seed-Bear_Crawl_Sled_Drags,,bear crawl sled drags,quadriceps,other,sled_push_pull,0,0,,,niche/unused category
hide,seed-Behind_Head_Chest_Stretch,,behind head chest stretch,chest,other,push_up,0,0,,,stretch/SMR row
hide,seed-Bench_Dips,,bench dips,triceps,body only,triceps_dip,0,0,,,unused by Cameron and not a staple
hide,seed-Bench_Jump,,bench jump,quadriceps,body only,box_jump,0,0,,,niche/unused category
hide,seed-Bench_Press_-_Powerlifting,,bench press - powerlifting,triceps,barbell,bench_press,0,0,,,unused by Cameron and not a staple
hide,seed-Bench_Press_-_With_Bands,,bench press - with bands,chest,bands,bench_press,0,0,,,unused by Cameron and not a staple
hide,seed-Bench_Press_with_Chains,,bench press with chains,triceps,barbell,bench_press,0,0,,,unused by Cameron and not a staple
hide,seed-Bench_Sprint,,bench sprint,quadriceps,other,running,0,0,,,niche/unused category
hide,seed-Bent-Arm_Barbell_Pullover,,bent-arm barbell pullover,lats,barbell,chest_pullover,0,0,,,unused by Cameron and not a staple
hide,seed-Bent-Knee_Hip_Raise,,bent-knee hip raise,abdominals,body only,hanging_leg_raise,0,0,,,unused by Cameron and not a staple
hide,seed-Bent_Over_Barbell_Row,,bent over barbell row,middle back,barbell,bent_over_row,0,0,,,unused by Cameron and not a staple
hide,seed-Bent_Over_Dumbbell_Rear_Delt_Raise_With_Head_On_Bench,,bent over dumbbell rear delt raise with head on bench,shoulders,dumbbell,rear_delt_fly,0,0,,,unused by Cameron and not a staple
hide,seed-Bent_Over_Low-Pulley_Side_Lateral,,bent over low-pulley side lateral,shoulders,cable,lateral_raise,0,0,,,unused by Cameron and not a staple
hide,seed-Bent_Over_One-Arm_Long_Bar_Row,,bent over one-arm long bar row,middle back,barbell,single_arm_row,0,0,,,unused by Cameron and not a staple
hide,seed-Bent_Over_Two-Arm_Long_Bar_Row,,bent over two-arm long bar row,middle back,barbell,bent_over_row,0,0,,,unused by Cameron and not a staple
hide,seed-Bent_Over_Two-Dumbbell_Row,,bent over two-dumbbell row,middle back,dumbbell,single_arm_row,0,0,,,unused by Cameron and not a staple
hide,seed-Bent_Over_Two-Dumbbell_Row_With_Palms_In,,bent over two-dumbbell row with palms in,middle back,dumbbell,single_arm_row,0,0,,,unused by Cameron and not a staple
hide,seed-Bent_Press,,bent press,abdominals,kettlebells,shoulder_press,0,0,,,unused by Cameron and not a staple
hide,seed-Bicycling,,bicycling,quadriceps,other,cycling,0,0,,,unused by Cameron and not a staple
hide,seed-Bicycling_Stationary,,"bicycling, stationary",quadriceps,machine,cycling,0,0,,,unused by Cameron and not a staple
hide,seed-Board_Press,,board press,triceps,barbell,bench_press,0,0,,,unused by Cameron and not a staple
hide,seed-Body-Up,,body-up,triceps,body only,push_up,0,0,,,unused by Cameron and not a staple
hide,seed-Body_Tricep_Press,,body tricep press,triceps,body only,push_up,0,0,,,unused by Cameron and not a staple
hide,seed-Bodyweight_Flyes,,bodyweight flyes,chest,e-z curl bar,chest_fly,0,0,,,unused by Cameron and not a staple
hide,seed-Bodyweight_Mid_Row,,bodyweight mid row,middle back,other,inverted_row,0,0,,,unused by Cameron and not a staple
hide,seed-Bodyweight_Squat,,bodyweight squat,quadriceps,body only,squat,0,0,,,unused by Cameron and not a staple
hide,seed-Bodyweight_Walking_Lunge,,bodyweight walking lunge,quadriceps,,lunge,0,0,,,unused by Cameron and not a staple
hide,seed-Bosu_Ball_Cable_Crunch_With_Side_Bends,,bosu ball cable crunch with side bends,abdominals,cable,cable_crunch,0,0,,,unused by Cameron and not a staple
hide,seed-Bottoms-Up_Clean_From_The_Hang_Position,,bottoms-up clean from the hang position,forearms,kettlebells,power_clean,0,0,,,unused by Cameron and not a staple
hide,seed-Bottoms_Up,,bottoms up,abdominals,body only,running,0,0,,,unused by Cameron and not a staple
hide,seed-Box_Jump_Multiple_Response,,box jump (multiple response),hamstrings,other,box_jump,0,0,,,niche/unused category
hide,seed-Box_Skip,,box skip,hamstrings,other,box_jump,0,0,,,niche/unused category
hide,seed-Box_Squat,,box squat,quadriceps,barbell,squat,0,0,,,unused by Cameron and not a staple
hide,seed-Box_Squat_with_Bands,,box squat with bands,quadriceps,barbell,squat,0,0,,,unused by Cameron and not a staple
hide,seed-Box_Squat_with_Chains,,box squat with chains,quadriceps,barbell,squat,0,0,,,unused by Cameron and not a staple
hide,seed-Brachialis-SMR,,brachialis-smr,biceps,foam roll,biceps_curl,0,0,,,stretch/SMR row
hide,seed-Bradford_Rocky_Presses,,bradford/rocky presses,shoulders,barbell,shoulder_press,0,0,,,unused by Cameron and not a staple
hide,seed-Butt-Ups,,butt-ups,abdominals,body only,crunch,0,0,,,unused by Cameron and not a staple
hide,seed-Butt_Lift_Bridge,,butt lift (bridge),glutes,body only,hip_thrust,0,0,,,unused by Cameron and not a staple
hide,seed-Butterfly,,butterfly,chest,machine,chest_fly,0,0,,,unused by Cameron and not a staple
hide,seed-Cable_Chest_Press,,cable chest press,chest,cable,bench_press,0,0,,,unused by Cameron and not a staple
hide,seed-Cable_Crunch,,cable crunch,abdominals,cable,cable_crunch,0,0,,,unused by Cameron and not a staple
hide,seed-Cable_Deadlifts,,cable deadlifts,quadriceps,cable,deadlift,0,0,,,unused by Cameron and not a staple
hide,seed-Cable_Hammer_Curls_-_Rope_Attachment,,cable hammer curls - rope attachment,biceps,cable,hammer_curl,0,0,,,unused by Cameron and not a staple
hide,seed-Cable_Hip_Adduction,,cable hip adduction,quadriceps,cable,hip_adduction,0,0,,,unused by Cameron and not a staple
hide,seed-Cable_Incline_Pushdown,,cable incline pushdown,lats,cable,straight_arm_pulldown,0,0,,,unused by Cameron and not a staple
hide,seed-Cable_Incline_Triceps_Extension,,cable incline triceps extension,triceps,cable,overhead_triceps_extension,0,0,,,unused by Cameron and not a staple
hide,seed-Cable_Internal_Rotation,,cable internal rotation,shoulders,cable,rear_delt_fly,0,0,,,unused by Cameron and not a staple
hide,seed-Cable_Iron_Cross,,cable iron cross,chest,cable,chest_fly,0,0,,,unused by Cameron and not a staple
hide,seed-Cable_Judo_Flip,,cable judo flip,abdominals,cable,russian_twist,0,0,,,unused by Cameron and not a staple
hide,seed-Cable_Lying_Triceps_Extension,,cable lying triceps extension,triceps,cable,skullcrusher,0,0,,,unused by Cameron and not a staple
hide,seed-Cable_One_Arm_Tricep_Extension,,cable one arm tricep extension,triceps,cable,triceps_pushdown,0,0,,,unused by Cameron and not a staple
hide,seed-Cable_Preacher_Curl,,cable preacher curl,biceps,cable,preacher_curl,0,0,,,unused by Cameron and not a staple
hide,seed-Cable_Rear_Delt_Fly,,cable rear delt fly,shoulders,cable,rear_delt_fly,0,0,,,unused by Cameron and not a staple
hide,seed-Cable_Reverse_Crunch,,cable reverse crunch,abdominals,cable,crunch,0,0,,,unused by Cameron and not a staple
hide,seed-Cable_Rope_Rear-Delt_Rows,,cable rope rear-delt rows,shoulders,cable,face_pull,0,0,,,unused by Cameron and not a staple
hide,seed-Cable_Russian_Twists,,cable russian twists,abdominals,cable,russian_twist,0,0,,,unused by Cameron and not a staple
hide,seed-Cable_Seated_Crunch,,cable seated crunch,abdominals,cable,cable_crunch,0,0,,,unused by Cameron and not a staple
hide,seed-Cable_Shoulder_Press,,cable shoulder press,shoulders,cable,shoulder_press,0,0,,,unused by Cameron and not a staple
hide,seed-Cable_Shrugs,,cable shrugs,traps,cable,shrug,0,0,,,unused by Cameron and not a staple
hide,seed-Cable_Wrist_Curl,,cable wrist curl,forearms,cable,wrist_curl,0,0,,,unused by Cameron and not a staple
hide,seed-Calf-Machine_Shoulder_Shrug,,calf-machine shoulder shrug,traps,machine,shrug,0,0,,,unused by Cameron and not a staple
hide,seed-Calf_Press,,calf press,calves,machine,standing_calf_raise,0,0,,,unused by Cameron and not a staple
hide,seed-Calf_Raise_On_A_Dumbbell,,calf raise on a dumbbell,calves,dumbbell,standing_calf_raise,0,0,,,unused by Cameron and not a staple
hide,seed-Calf_Raises_-_With_Bands,,calf raises - with bands,calves,bands,standing_calf_raise,0,0,,,unused by Cameron and not a staple
hide,seed-Calf_Stretch_Elbows_Against_Wall,,calf stretch elbows against wall,calves,,standing_calf_raise,0,0,,,stretch/SMR row
hide,seed-Calf_Stretch_Hands_Against_Wall,,calf stretch hands against wall,calves,,standing_calf_raise,0,0,,,stretch/SMR row
hide,seed-Calves-SMR,,calves-smr,calves,foam roll,standing_calf_raise,0,0,,,stretch/SMR row
hide,seed-Car_Deadlift,,car deadlift,quadriceps,other,deadlift,0,0,,,niche/unused category
hide,seed-Car_Drivers,,car drivers,shoulders,barbell,front_raise,0,0,,,unused by Cameron and not a staple
hide,seed-Carioca_Quick_Step,,carioca quick step,adductors,,running,0,0,,,niche/unused category
hide,seed-Cat_Stretch,,cat stretch,lower back,,squat,0,0,,,stretch/SMR row
hide,seed-Catch_and_Overhead_Throw,,catch and overhead throw,lats,medicine ball,running,0,0,,,niche/unused category
hide,seed-Chain_Handle_Extension,,chain handle extension,triceps,other,triceps_pushdown,0,0,,,unused by Cameron and not a staple
hide,seed-Chain_Press,,chain press,chest,other,bench_press,0,0,,,unused by Cameron and not a staple
hide,seed-Chair_Leg_Extended_Stretch,,chair leg extended stretch,hamstrings,other,squat,0,0,,,stretch/SMR row
hide,seed-Chair_Lower_Back_Stretch,,chair lower back stretch,lats,,squat,0,0,,,stretch/SMR row
hide,seed-Chair_Squat,,chair squat,quadriceps,machine,squat,0,0,,,unused by Cameron and not a staple
hide,seed-Chair_Upper_Body_Stretch,,chair upper body stretch,shoulders,other,squat,0,0,,,stretch/SMR row
hide,seed-Chest_And_Front_Of_Shoulder_Stretch,,chest and front of shoulder stretch,chest,other,push_up,0,0,,,stretch/SMR row
hide,seed-Chest_Push_from_3_point_stance,,chest push from 3 point stance,chest,medicine ball,push_up,0,0,,,niche/unused category
hide,seed-Chest_Push_multiple_response,,chest push (multiple response),chest,medicine ball,push_up,0,0,,,niche/unused category
hide,seed-Chest_Push_single_response,,chest push (single response),chest,medicine ball,push_up,0,0,,,niche/unused category
hide,seed-Chest_Push_with_Run_Release,,chest push with run release,chest,medicine ball,push_up,0,0,,,niche/unused category
hide,seed-Chest_Stretch_on_Stability_Ball,,chest stretch on stability ball,chest,exercise ball,push_up,0,0,,,stretch/SMR row
hide,seed-Childs_Pose,,child's pose,lower back,,squat,0,0,,,stretch/SMR row
hide,seed-Chin_To_Chest_Stretch,,chin to chest stretch,neck,,squat,0,0,,,stretch/SMR row
hide,seed-Circus_Bell,,circus bell,shoulders,other,shoulder_press,0,0,,,niche/unused category
hide,seed-Clean,,clean,hamstrings,barbell,power_clean,0,0,,,unused by Cameron and not a staple
hide,seed-Clean_Deadlift,,clean deadlift,hamstrings,barbell,deadlift,0,0,,,unused by Cameron and not a staple
hide,seed-Clean_Pull,,clean pull,quadriceps,barbell,power_clean,0,0,,,unused by Cameron and not a staple
hide,seed-Clean_Shrug,,clean shrug,traps,barbell,shrug,0,0,,,unused by Cameron and not a staple
hide,seed-Clean_and_Jerk,,clean and jerk,shoulders,barbell,clean_and_press,0,0,,,unused by Cameron and not a staple
hide,seed-Clean_and_Press,,clean and press,shoulders,barbell,clean_and_press,0,0,,,unused by Cameron and not a staple
hide,seed-Clean_from_Blocks,,clean from blocks,quadriceps,barbell,power_clean,0,0,,,unused by Cameron and not a staple
hide,seed-Clock_Push-Up,,clock push-up,chest,body only,push_up,0,0,,,unused by Cameron and not a staple
hide,seed-Close-Grip_Dumbbell_Press,,close-grip dumbbell press,triceps,dumbbell,close_grip_bench_press,0,0,,,unused by Cameron and not a staple
hide,seed-Close-Grip_EZ-Bar_Curl_with_Band,,close-grip ez-bar curl with band,biceps,e-z curl bar,biceps_curl,0,0,,,unused by Cameron and not a staple
hide,seed-Close-Grip_EZ-Bar_Press,,close-grip ez-bar press,triceps,e-z curl bar,close_grip_bench_press,0,0,,,unused by Cameron and not a staple
hide,seed-Close-Grip_EZ_Bar_Curl,,close-grip ez bar curl,biceps,barbell,biceps_curl,0,0,,,unused by Cameron and not a staple
hide,seed-Close-Grip_Front_Lat_Pulldown,,close-grip front lat pulldown,lats,cable,lat_pulldown,0,0,,,unused by Cameron and not a staple
hide,seed-Close-Grip_Push-Up_off_of_a_Dumbbell,,close-grip push-up off of a dumbbell,triceps,body only,push_up,0,0,,,unused by Cameron and not a staple
hide,seed-Close-Grip_Standing_Barbell_Curl,,close-grip standing barbell curl,biceps,barbell,biceps_curl,0,0,,,unused by Cameron and not a staple
hide,seed-Cocoons,,cocoons,abdominals,body only,crunch,0,0,,,unused by Cameron and not a staple
hide,seed-Conans_Wheel,,conan's wheel,quadriceps,other,running,0,0,,,niche/unused category
hide,seed-Concentration_Curls,,concentration curls,biceps,dumbbell,concentration_curl,0,0,,,unused by Cameron and not a staple
hide,seed-Cross-Body_Crunch,,cross-body crunch,abdominals,body only,crunch,0,0,,,unused by Cameron and not a staple
hide,seed-Cross_Over_-_With_Bands,,cross over - with bands,chest,bands,chest_fly,0,0,,,unused by Cameron and not a staple
hide,seed-Crossover_Reverse_Lunge,,crossover reverse lunge,lower back,,lunge,0,0,,,stretch/SMR row
hide,seed-Crucifix,,crucifix,shoulders,other,lateral_raise,0,0,,,niche/unused category
hide,seed-Crunch_-_Hands_Overhead,,crunch - hands overhead,abdominals,body only,crunch,0,0,,,unused by Cameron and not a staple
hide,seed-Crunch_-_Legs_On_Exercise_Ball,,crunch - legs on exercise ball,abdominals,body only,crunch,0,0,,,unused by Cameron and not a staple
hide,seed-Crunches,,crunches,abdominals,body only,crunch,0,0,,,unused by Cameron and not a staple
hide,seed-Cuban_Press,,cuban press,shoulders,dumbbell,shoulder_press,0,0,,,unused by Cameron and not a staple
hide,seed-Dancers_Stretch,,dancer's stretch,lower back,,squat,0,0,,,stretch/SMR row
hide,seed-Dead_Bug,,dead bug,abdominals,body only,crunch,0,0,,,unused by Cameron and not a staple
hide,seed-Deadlift_with_Bands,,deadlift with bands,lower back,barbell,deadlift,0,0,,,unused by Cameron and not a staple
hide,seed-Deadlift_with_Chains,,deadlift with chains,lower back,barbell,deadlift,0,0,,,unused by Cameron and not a staple
hide,seed-Decline_Barbell_Bench_Press,,decline barbell bench press,chest,barbell,decline_press,0,0,,,unused by Cameron and not a staple
hide,seed-Decline_Close-Grip_Bench_To_Skull_Crusher,,decline close-grip bench to skull crusher,triceps,barbell,skullcrusher,0,0,,,unused by Cameron and not a staple
hide,seed-Decline_Crunch,,decline crunch,abdominals,body only,crunch,0,0,,,unused by Cameron and not a staple
hide,seed-Decline_Dumbbell_Bench_Press,,decline dumbbell bench press,chest,dumbbell,decline_press,0,0,,,unused by Cameron and not a staple
hide,seed-Decline_Dumbbell_Flyes,,decline dumbbell flyes,chest,dumbbell,decline_chest_fly,0,0,,,unused by Cameron and not a staple
hide,seed-Decline_Dumbbell_Triceps_Extension,,decline dumbbell triceps extension,triceps,dumbbell,skullcrusher,0,0,,,unused by Cameron and not a staple
hide,seed-Decline_EZ_Bar_Triceps_Extension,,decline ez bar triceps extension,triceps,barbell,skullcrusher,0,0,,,unused by Cameron and not a staple
hide,seed-Decline_Oblique_Crunch,,decline oblique crunch,abdominals,body only,crunch,0,0,,,unused by Cameron and not a staple
hide,seed-Decline_Push-Up,,decline push-up,chest,,decline_push_up,0,0,,,unused by Cameron and not a staple
hide,seed-Decline_Reverse_Crunch,,decline reverse crunch,abdominals,body only,crunch,0,0,,,unused by Cameron and not a staple
hide,seed-Decline_Smith_Press,,decline smith press,chest,machine,decline_press,0,0,,,unused by Cameron and not a staple
hide,seed-Deficit_Deadlift,,deficit deadlift,lower back,barbell,deadlift,0,0,,,unused by Cameron and not a staple
hide,seed-Depth_Jump_Leap,,depth jump leap,quadriceps,other,box_jump,0,0,,,niche/unused category
hide,seed-Dip_Machine,,dip machine,triceps,machine,triceps_dip,0,0,,,unused by Cameron and not a staple
hide,seed-Dips_-_Chest_Version,,dips - chest version,chest,other,chest_dip,0,0,,,unused by Cameron and not a staple
hide,seed-Dips_-_Triceps_Version,,dips - triceps version,triceps,body only,triceps_dip,0,0,,,unused by Cameron and not a staple
hide,seed-Donkey_Calf_Raises,,donkey calf raises,calves,other,donkey_calf_raise,0,0,,,unused by Cameron and not a staple
hide,seed-Double_Kettlebell_Alternating_Hang_Clean,,double kettlebell alternating hang clean,hamstrings,kettlebells,power_clean,0,0,,,unused by Cameron and not a staple
hide,seed-Double_Kettlebell_Jerk,,double kettlebell jerk,shoulders,kettlebells,clean_and_press,0,0,,,unused by Cameron and not a staple
hide,seed-Double_Kettlebell_Push_Press,,double kettlebell push press,shoulders,kettlebells,shoulder_press,0,0,,,unused by Cameron and not a staple
hide,seed-Double_Kettlebell_Snatch,,double kettlebell snatch,shoulders,kettlebells,snatch,0,0,,,unused by Cameron and not a staple
hide,seed-Double_Kettlebell_Windmill,,double kettlebell windmill,abdominals,kettlebells,russian_twist,0,0,,,unused by Cameron and not a staple
hide,seed-Double_Leg_Butt_Kick,,double leg butt kick,quadriceps,body only,box_jump,0,0,,,niche/unused category
hide,seed-Downward_Facing_Balance,,downward facing balance,glutes,exercise ball,squat,0,0,,,unused by Cameron and not a staple
hide,seed-Drag_Curl,,drag curl,biceps,barbell,biceps_curl,0,0,,,unused by Cameron and not a staple
hide,seed-Drop_Push,,drop push,chest,other,push_up,0,0,,,niche/unused category
hide,seed-Dumbbell_Alternate_Bicep_Curl,,dumbbell alternate bicep curl,biceps,dumbbell,biceps_curl,0,0,,,unused by Cameron and not a staple
hide,seed-Dumbbell_Bench_Press,,dumbbell bench press,chest,dumbbell,bench_press,0,0,,,unused by Cameron and not a staple
hide,seed-Dumbbell_Bench_Press_with_Neutral_Grip,,dumbbell bench press with neutral grip,chest,dumbbell,bench_press,0,0,,,unused by Cameron and not a staple
hide,seed-Dumbbell_Bicep_Curl,,dumbbell bicep curl,biceps,dumbbell,biceps_curl,0,0,,,unused by Cameron and not a staple
hide,seed-Dumbbell_Clean,,dumbbell clean,hamstrings,dumbbell,power_clean,0,0,,,unused by Cameron and not a staple
hide,seed-Dumbbell_Floor_Press,,dumbbell floor press,triceps,dumbbell,bench_press,0,0,,,unused by Cameron and not a staple
hide,seed-Dumbbell_Flyes,,dumbbell flyes,chest,dumbbell,chest_fly,0,0,,,unused by Cameron and not a staple
hide,seed-Dumbbell_Incline_Row,,dumbbell incline row,middle back,dumbbell,single_arm_row,0,0,,,unused by Cameron and not a staple
hide,seed-Dumbbell_Incline_Shoulder_Raise,,dumbbell incline shoulder raise,shoulders,dumbbell,y_raise,0,0,,,unused by Cameron and not a staple
hide,seed-Dumbbell_Lunges,,dumbbell lunges,quadriceps,dumbbell,lunge,0,0,,,unused by Cameron and not a staple
hide,seed-Dumbbell_Lying_One-Arm_Rear_Lateral_Raise,,dumbbell lying one-arm rear lateral raise,shoulders,dumbbell,rear_delt_fly,0,0,,,unused by Cameron and not a staple
hide,seed-Dumbbell_Lying_Pronation,,dumbbell lying pronation,forearms,dumbbell,wrist_curl,0,0,,,unused by Cameron and not a staple
hide,seed-Dumbbell_Lying_Rear_Lateral_Raise,,dumbbell lying rear lateral raise,shoulders,dumbbell,rear_delt_fly,0,0,,,unused by Cameron and not a staple
hide,seed-Dumbbell_Lying_Supination,,dumbbell lying supination,forearms,dumbbell,wrist_curl,0,0,,,unused by Cameron and not a staple
hide,seed-Dumbbell_One-Arm_Triceps_Extension,,dumbbell one-arm triceps extension,triceps,dumbbell,overhead_triceps_extension,0,0,,,unused by Cameron and not a staple
hide,seed-Dumbbell_One-Arm_Upright_Row,,dumbbell one-arm upright row,shoulders,dumbbell,upright_row,0,0,,,unused by Cameron and not a staple
hide,seed-Dumbbell_Prone_Incline_Curl,,dumbbell prone incline curl,biceps,dumbbell,spider_curl,0,0,,,unused by Cameron and not a staple
hide,seed-Dumbbell_Raise,,dumbbell raise,shoulders,dumbbell,front_raise,0,0,,,unused by Cameron and not a staple
hide,seed-Dumbbell_Rear_Lunge,,dumbbell rear lunge,quadriceps,dumbbell,lunge,0,0,,,unused by Cameron and not a staple
hide,seed-Dumbbell_Scaption,,dumbbell scaption,shoulders,dumbbell,y_raise,0,0,,,unused by Cameron and not a staple
hide,seed-Dumbbell_Seated_Box_Jump,,dumbbell seated box jump,quadriceps,dumbbell,box_jump,0,0,,,niche/unused category
hide,seed-Dumbbell_Seated_One-Leg_Calf_Raise,,dumbbell seated one-leg calf raise,calves,dumbbell,seated_calf_raise,0,0,,,unused by Cameron and not a staple
hide,seed-Dumbbell_Side_Bend,,dumbbell side bend,abdominals,dumbbell,russian_twist,0,0,,,unused by Cameron and not a staple
hide,seed-Dumbbell_Squat,,dumbbell squat,quadriceps,dumbbell,squat,0,0,,,unused by Cameron and not a staple
hide,seed-Dumbbell_Squat_To_A_Bench,,dumbbell squat to a bench,quadriceps,dumbbell,squat,0,0,,,unused by Cameron and not a staple
hide,seed-Dumbbell_Step_Ups,,dumbbell step ups,quadriceps,dumbbell,step_up,0,0,,,unused by Cameron and not a staple
hide,seed-Dumbbell_Tricep_Extension_-Pronated_Grip,,dumbbell tricep extension -pronated grip,triceps,dumbbell,overhead_triceps_extension,0,0,,,unused by Cameron and not a staple
hide,seed-Dynamic_Back_Stretch,,dynamic back stretch,lats,,squat,0,0,,,stretch/SMR row
hide,seed-Dynamic_Chest_Stretch,,dynamic chest stretch,chest,,push_up,0,0,,,stretch/SMR row
hide,seed-EZ-Bar_Curl,,ez-bar curl,biceps,e-z curl bar,biceps_curl,0,0,,,unused by Cameron and not a staple
hide,seed-EZ-Bar_Skullcrusher,,ez-bar skullcrusher,triceps,e-z curl bar,skullcrusher,0,0,,,unused by Cameron and not a staple
hide,seed-Elbow_Circles,,elbow circles,shoulders,,running,0,0,,,stretch/SMR row
hide,seed-Elbow_to_Knee,,elbow to knee,abdominals,body only,crunch,0,0,,,unused by Cameron and not a staple
hide,seed-Elbows_Back,,elbows back,chest,,squat,0,0,,,stretch/SMR row
hide,seed-Elevated_Back_Lunge,,elevated back lunge,quadriceps,barbell,lunge,0,0,,,unused by Cameron and not a staple
hide,seed-Elevated_Cable_Rows,,elevated cable rows,lats,cable,seated_row,0,0,,,unused by Cameron and not a staple
hide,seed-Elliptical_Trainer,,elliptical trainer,quadriceps,machine,elliptical,0,0,,,unused by Cameron and not a staple
hide,seed-Exercise_Ball_Crunch,,exercise ball crunch,abdominals,exercise ball,crunch,0,0,,,unused by Cameron and not a staple
hide,seed-Exercise_Ball_Pull-In,,exercise ball pull-in,abdominals,exercise ball,crunch,0,0,,,unused by Cameron and not a staple
hide,seed-Extended_Range_One-Arm_Kettlebell_Floor_Press,,extended range one-arm kettlebell floor press,chest,kettlebells,bench_press,0,0,,,unused by Cameron and not a staple
hide,seed-External_Rotation,,external rotation,shoulders,dumbbell,rear_delt_fly,0,0,,,unused by Cameron and not a staple
hide,seed-External_Rotation_with_Band,,external rotation with band,shoulders,bands,rear_delt_fly,0,0,,,unused by Cameron and not a staple
hide,seed-External_Rotation_with_Cable,,external rotation with cable,shoulders,cable,rear_delt_fly,0,0,,,unused by Cameron and not a staple
hide,seed-Face_Pull,,face pull,shoulders,cable,face_pull,0,0,,,unused by Cameron and not a staple
hide,seed-Farmers_Walk,,farmer's walk,forearms,other,farmers_walk,0,0,,,niche/unused category
hide,seed-Fast_Skipping,,fast skipping,quadriceps,body only,jump_rope,0,0,,,niche/unused category
hide,seed-Finger_Curls,,finger curls,forearms,barbell,wrist_curl,0,0,,,unused by Cameron and not a staple
hide,seed-Flat_Bench_Cable_Flyes,,flat bench cable flyes,chest,cable,chest_fly,0,0,,,unused by Cameron and not a staple
hide,seed-Flat_Bench_Leg_Pull-In,,flat bench leg pull-in,abdominals,body only,crunch,0,0,,,unused by Cameron and not a staple
hide,seed-Flat_Bench_Lying_Leg_Raise,,flat bench lying leg raise,abdominals,body only,hanging_leg_raise,0,0,,,unused by Cameron and not a staple
hide,seed-Flexor_Incline_Dumbbell_Curls,,flexor incline dumbbell curls,biceps,dumbbell,incline_biceps_curl,0,0,,,unused by Cameron and not a staple
hide,seed-Floor_Glute-Ham_Raise,,floor glute-ham raise,hamstrings,,nordic_hamstring_curl,0,0,,,unused by Cameron and not a staple
hide,seed-Floor_Press,,floor press,triceps,barbell,bench_press,0,0,,,unused by Cameron and not a staple
hide,seed-Floor_Press_with_Chains,,floor press with chains,triceps,barbell,bench_press,0,0,,,unused by Cameron and not a staple
hide,seed-Flutter_Kicks,,flutter kicks,glutes,body only,crunch,0,0,,,unused by Cameron and not a staple
hide,seed-Foot-SMR,,foot-smr,calves,other,standing_calf_raise,0,0,,,stretch/SMR row
hide,seed-Forward_Drag_with_Press,,forward drag with press,chest,other,sled_push_pull,0,0,,,niche/unused category
hide,seed-Frankenstein_Squat,,frankenstein squat,quadriceps,barbell,front_squat,0,0,,,unused by Cameron and not a staple
hide,seed-Freehand_Jump_Squat,,freehand jump squat,quadriceps,body only,squat,0,0,,,unused by Cameron and not a staple
hide,seed-Frog_Hops,,frog hops,quadriceps,,box_jump,0,0,,,stretch/SMR row
hide,seed-Frog_Sit-Ups,,frog sit-ups,abdominals,body only,sit_up,0,0,,,unused by Cameron and not a staple
hide,seed-Front_Barbell_Squat,,front barbell squat,quadriceps,barbell,front_squat,0,0,,,unused by Cameron and not a staple
hide,seed-Front_Barbell_Squat_To_A_Bench,,front barbell squat to a bench,quadriceps,barbell,front_squat,0,0,,,unused by Cameron and not a staple
hide,seed-Front_Box_Jump,,front box jump,hamstrings,other,box_jump,0,0,,,niche/unused category
hide,seed-Front_Cable_Raise,,front cable raise,shoulders,cable,front_raise,0,0,,,unused by Cameron and not a staple
hide,seed-Front_Cone_Hops_or_hurdle_hops,,front cone hops (or hurdle hops),quadriceps,other,box_jump,0,0,,,niche/unused category
hide,seed-Front_Dumbbell_Raise,,front dumbbell raise,shoulders,dumbbell,front_raise,0,0,,,unused by Cameron and not a staple
hide,seed-Front_Incline_Dumbbell_Raise,,front incline dumbbell raise,shoulders,dumbbell,front_raise,0,0,,,unused by Cameron and not a staple
hide,seed-Front_Leg_Raises,,front leg raises,hamstrings,body only,hanging_leg_raise,0,0,,,stretch/SMR row
hide,seed-Front_Plate_Raise,,front plate raise,shoulders,other,front_raise,0,0,,,unused by Cameron and not a staple
hide,seed-Front_Raise_And_Pullover,,front raise and pullover,chest,barbell,front_raise,0,0,,,unused by Cameron and not a staple
hide,seed-Front_Squat_Clean_Grip,,front squat (clean grip),quadriceps,barbell,front_squat,0,0,,,unused by Cameron and not a staple
hide,seed-Front_Squats_With_Two_Kettlebells,,front squats with two kettlebells,quadriceps,kettlebells,front_squat,0,0,,,unused by Cameron and not a staple
hide,seed-Front_Two-Dumbbell_Raise,,front two-dumbbell raise,shoulders,dumbbell,front_raise,0,0,,,unused by Cameron and not a staple
hide,seed-Full_Range-Of-Motion_Lat_Pulldown,,full range-of-motion lat pulldown,lats,cable,lat_pulldown,0,0,,,unused by Cameron and not a staple
hide,seed-Gironda_Sternum_Chins,,gironda sternum chins,lats,other,pull_up,0,0,,,unused by Cameron and not a staple
hide,seed-Glute_Ham_Raise,,glute ham raise,hamstrings,machine,nordic_hamstring_curl,0,0,,,unused by Cameron and not a staple
hide,seed-Glute_Kickback,,glute kickback,glutes,body only,cable_kickback,0,0,,,unused by Cameron and not a staple
hide,seed-Goblet_Squat,,goblet squat,quadriceps,kettlebells,goblet_squat,0,0,,,unused by Cameron and not a staple
hide,seed-Good_Morning,,good morning,hamstrings,barbell,good_morning,0,0,,,unused by Cameron and not a staple
hide,seed-Good_Morning_off_Pins,,good morning off pins,hamstrings,barbell,good_morning,0,0,,,unused by Cameron and not a staple
hide,seed-Gorilla_Chin_Crunch,,gorilla chin/crunch,abdominals,body only,crunch,0,0,,,unused by Cameron and not a staple
hide,seed-Groin_and_Back_Stretch,,groin and back stretch,adductors,,squat,0,0,,,stretch/SMR row
hide,seed-Groiners,,groiners,adductors,body only,squat,0,0,,,stretch/SMR row
hide,seed-Hammer_Curls,,hammer curls,biceps,dumbbell,hammer_curl,0,0,,,unused by Cameron and not a staple
hide,seed-Hammer_Grip_Incline_DB_Bench_Press,,hammer grip incline db bench press,chest,dumbbell,incline_press,0,0,,,unused by Cameron and not a staple
hide,seed-Hamstring-SMR,,hamstring-smr,hamstrings,foam roll,lying_leg_curl,0,0,,,stretch/SMR row
hide,seed-Hamstring_Stretch,,hamstring stretch,hamstrings,,lying_leg_curl,0,0,,,stretch/SMR row
hide,seed-Handstand_Push-Ups,,handstand push-ups,shoulders,body only,shoulder_press,0,0,,,unused by Cameron and not a staple
hide,seed-Hang_Clean,,hang clean,quadriceps,barbell,power_clean,0,0,,,unused by Cameron and not a staple
hide,seed-Hang_Clean_-_Below_the_Knees,,hang clean - below the knees,quadriceps,barbell,power_clean,0,0,,,unused by Cameron and not a staple
hide,seed-Hang_Snatch,,hang snatch,hamstrings,barbell,snatch,0,0,,,unused by Cameron and not a staple
hide,seed-Hang_Snatch_-_Below_Knees,,hang snatch - below knees,hamstrings,barbell,snatch,0,0,,,unused by Cameron and not a staple
hide,seed-Hanging_Bar_Good_Morning,,hanging bar good morning,hamstrings,barbell,good_morning,0,0,,,unused by Cameron and not a staple
hide,seed-Hanging_Pike,,hanging pike,abdominals,body only,hanging_leg_raise,0,0,,,unused by Cameron and not a staple
hide,seed-Heaving_Snatch_Balance,,heaving snatch balance,quadriceps,barbell,snatch,0,0,,,unused by Cameron and not a staple
hide,seed-Heavy_Bag_Thrust,,heavy bag thrust,chest,other,battle_ropes,0,0,,,niche/unused category
hide,seed-High_Cable_Curls,,high cable curls,biceps,cable,biceps_curl,0,0,,,unused by Cameron and not a staple
hide,seed-Hip_Circles_prone,,hip circles (prone),abductors,body only,squat,0,0,,,stretch/SMR row
hide,seed-Hip_Extension_with_Bands,,hip extension with bands,glutes,bands,cable_kickback,0,0,,,unused by Cameron and not a staple
hide,seed-Hip_Flexion_with_Band,,hip flexion with band,quadriceps,bands,squat,0,0,,,unused by Cameron and not a staple
hide,seed-Hip_Lift_with_Band,,hip lift with band,glutes,bands,hip_thrust,0,0,,,unused by Cameron and not a staple
hide,seed-Hug_A_Ball,,hug a ball,lower back,exercise ball,squat,0,0,,,stretch/SMR row
hide,seed-Hug_Knees_To_Chest,,hug knees to chest,lower back,,squat,0,0,,,stretch/SMR row
hide,seed-Hurdle_Hops,,hurdle hops,hamstrings,other,box_jump,0,0,,,niche/unused category
hide,seed-Hyperextensions_Back_Extensions,,hyperextensions (back extensions),lower back,other,back_extension,0,0,,,unused by Cameron and not a staple
hide,seed-Hyperextensions_With_No_Hyperextension_Bench,,hyperextensions with no hyperextension bench,lower back,body only,back_extension,0,0,,,unused by Cameron and not a staple
hide,seed-IT_Band_and_Glute_Stretch,,it band and glute stretch,abductors,other,squat,0,0,,,stretch/SMR row
hide,seed-Iliotibial_Tract-SMR,,iliotibial tract-smr,abductors,foam roll,squat,0,0,,,stretch/SMR row
hide,seed-Inchworm,,inchworm,hamstrings,body only,squat,0,0,,,stretch/SMR row
hide,seed-Incline_Barbell_Triceps_Extension,,incline barbell triceps extension,triceps,barbell,skullcrusher,0,0,,,unused by Cameron and not a staple
hide,seed-Incline_Bench_Pull,,incline bench pull,middle back,barbell,bent_over_row,0,0,,,unused by Cameron and not a staple
hide,seed-Incline_Cable_Chest_Press,,incline cable chest press,chest,cable,incline_press,0,0,,,unused by Cameron and not a staple
hide,seed-Incline_Cable_Flye,,incline cable flye,chest,cable,incline_chest_fly,0,0,,,unused by Cameron and not a staple
hide,seed-Incline_Dumbbell_Bench_With_Palms_Facing_In,,incline dumbbell bench with palms facing in,chest,dumbbell,incline_press,0,0,,,unused by Cameron and not a staple
hide,seed-Incline_Dumbbell_Curl,,incline dumbbell curl,biceps,dumbbell,incline_biceps_curl,0,0,,,unused by Cameron and not a staple
hide,seed-Incline_Dumbbell_Flyes,,incline dumbbell flyes,chest,dumbbell,incline_chest_fly,0,0,,,unused by Cameron and not a staple
hide,seed-Incline_Dumbbell_Flyes_-_With_A_Twist,,incline dumbbell flyes - with a twist,chest,dumbbell,incline_chest_fly,0,0,,,unused by Cameron and not a staple
hide,seed-Incline_Dumbbell_Press,,incline dumbbell press,chest,dumbbell,incline_press,0,0,,,unused by Cameron and not a staple
hide,seed-Incline_Hammer_Curls,,incline hammer curls,biceps,dumbbell,hammer_curl,0,0,,,unused by Cameron and not a staple
hide,seed-Incline_Inner_Biceps_Curl,,incline inner biceps curl,biceps,dumbbell,incline_biceps_curl,0,0,,,unused by Cameron and not a staple
hide,seed-Incline_Push-Up,,incline push-up,chest,body only,incline_push_up,0,0,,,unused by Cameron and not a staple
hide,seed-Incline_Push-Up_Close-Grip,,incline push-up close-grip,triceps,body only,incline_push_up,0,0,,,unused by Cameron and not a staple
hide,seed-Incline_Push-Up_Depth_Jump,,incline push-up depth jump,chest,other,incline_push_up,0,0,,,niche/unused category
hide,seed-Incline_Push-Up_Medium,,incline push-up medium,chest,body only,incline_push_up,0,0,,,unused by Cameron and not a staple
hide,seed-Incline_Push-Up_Reverse_Grip,,incline push-up reverse grip,chest,body only,incline_push_up,0,0,,,unused by Cameron and not a staple
hide,seed-Incline_Push-Up_Wide,,incline push-up wide,chest,body only,incline_push_up,0,0,,,unused by Cameron and not a staple
hide,seed-Intermediate_Groin_Stretch,,intermediate groin stretch,hamstrings,other,squat,0,0,,,stretch/SMR row
hide,seed-Intermediate_Hip_Flexor_and_Quad_Stretch,,intermediate hip flexor and quad stretch,quadriceps,other,squat,0,0,,,stretch/SMR row
hide,seed-Internal_Rotation_with_Band,,internal rotation with band,shoulders,bands,rear_delt_fly,0,0,,,unused by Cameron and not a staple
hide,seed-Inverted_Row,,inverted row,middle back,,inverted_row,0,0,,,unused by Cameron and not a staple
hide,seed-Inverted_Row_with_Straps,,inverted row with straps,middle back,other,inverted_row,0,0,,,unused by Cameron and not a staple
hide,seed-Iron_Cross,,iron cross,shoulders,dumbbell,lateral_raise,0,0,,,unused by Cameron and not a staple
hide,seed-Iron_Crosses_stretch,,iron crosses (stretch),quadriceps,,squat,0,0,,,stretch/SMR row
hide,seed-Isometric_Chest_Squeezes,,isometric chest squeezes,chest,body only,push_up,0,0,,,niche/unused category
hide,seed-Isometric_Neck_Exercise_-_Front_And_Back,,isometric neck exercise - front and back,neck,body only,neck_exercise,0,0,,,unused by Cameron and not a staple
hide,seed-Isometric_Neck_Exercise_-_Sides,,isometric neck exercise - sides,neck,body only,neck_exercise,0,0,,,unused by Cameron and not a staple
hide,seed-Isometric_Wipers,,isometric wipers,chest,body only,crunch,0,0,,,unused by Cameron and not a staple
hide,seed-JM_Press,,jm press,triceps,barbell,jm_press,0,0,,,unused by Cameron and not a staple
hide,seed-Jackknife_Sit-Up,,jackknife sit-up,abdominals,body only,sit_up,0,0,,,unused by Cameron and not a staple
hide,seed-Janda_Sit-Up,,janda sit-up,abdominals,body only,sit_up,0,0,,,unused by Cameron and not a staple
hide,seed-Jefferson_Squats,,jefferson squats,quadriceps,barbell,squat,0,0,,,unused by Cameron and not a staple
hide,seed-Jerk_Balance,,jerk balance,shoulders,barbell,clean_and_press,0,0,,,unused by Cameron and not a staple
hide,seed-Jerk_Dip_Squat,,jerk dip squat,quadriceps,barbell,squat,0,0,,,unused by Cameron and not a staple
hide,seed-Keg_Load,,keg load,lower back,other,power_clean,0,0,,,niche/unused category
hide,seed-Kettlebell_Arnold_Press,,kettlebell arnold press,shoulders,kettlebells,arnold_press,0,0,,,unused by Cameron and not a staple
hide,seed-Kettlebell_Dead_Clean,,kettlebell dead clean,hamstrings,kettlebells,power_clean,0,0,,,unused by Cameron and not a staple
hide,seed-Kettlebell_Figure_8,,kettlebell figure 8,abdominals,kettlebells,kettlebell_swing,0,0,,,unused by Cameron and not a staple
hide,seed-Kettlebell_Hang_Clean,,kettlebell hang clean,hamstrings,kettlebells,power_clean,0,0,,,unused by Cameron and not a staple
hide,seed-Kettlebell_One-Legged_Deadlift,,kettlebell one-legged deadlift,hamstrings,kettlebells,single_leg_rdl,0,0,,,unused by Cameron and not a staple
hide,seed-Kettlebell_Pass_Between_The_Legs,,kettlebell pass between the legs,abdominals,kettlebells,kettlebell_swing,0,0,,,unused by Cameron and not a staple
hide,seed-Kettlebell_Pirate_Ships,,kettlebell pirate ships,shoulders,kettlebells,kettlebell_swing,0,0,,,unused by Cameron and not a staple
hide,seed-Kettlebell_Pistol_Squat,,kettlebell pistol squat,quadriceps,kettlebells,squat,0,0,,,unused by Cameron and not a staple
hide,seed-Kettlebell_Seated_Press,,kettlebell seated press,shoulders,kettlebells,shoulder_press,0,0,,,unused by Cameron and not a staple
hide,seed-Kettlebell_Seesaw_Press,,kettlebell seesaw press,shoulders,kettlebells,shoulder_press,0,0,,,unused by Cameron and not a staple
hide,seed-Kettlebell_Sumo_High_Pull,,kettlebell sumo high pull,traps,kettlebells,upright_row,0,0,,,unused by Cameron and not a staple
hide,seed-Kettlebell_Thruster,,kettlebell thruster,shoulders,kettlebells,thruster,0,0,,,unused by Cameron and not a staple
hide,seed-Kettlebell_Turkish_Get-Up_Lunge_style,,kettlebell turkish get-up (lunge style),shoulders,kettlebells,turkish_get_up,0,0,,,unused by Cameron and not a staple
hide,seed-Kettlebell_Turkish_Get-Up_Squat_style,,kettlebell turkish get-up (squat style),shoulders,kettlebells,turkish_get_up,0,0,,,unused by Cameron and not a staple
hide,seed-Kettlebell_Windmill,,kettlebell windmill,abdominals,kettlebells,russian_twist,0,0,,,unused by Cameron and not a staple
hide,seed-Kipping_Muscle_Up,,kipping muscle up,lats,other,muscle_up,0,0,,,unused by Cameron and not a staple
hide,seed-Knee_Across_The_Body,,knee across the body,glutes,,squat,0,0,,,stretch/SMR row
hide,seed-Knee_Circles,,knee circles,calves,body only,squat,0,0,,,stretch/SMR row
hide,seed-Knee_Hip_Raise_On_Parallel_Bars,,knee/hip raise on parallel bars,abdominals,other,hanging_leg_raise,0,0,,,unused by Cameron and not a staple
hide,seed-Knee_Tuck_Jump,,knee tuck jump,hamstrings,body only,box_jump,0,0,,,niche/unused category
hide,seed-Kneeling_Arm_Drill,,kneeling arm drill,shoulders,,running,0,0,,,niche/unused category
hide,seed-Kneeling_Cable_Crunch_With_Alternating_Oblique_Twists,,kneeling cable crunch with alternating oblique twists,abdominals,cable,cable_crunch,0,0,,,unused by Cameron and not a staple
hide,seed-Kneeling_Cable_Triceps_Extension,,kneeling cable triceps extension,triceps,cable,triceps_pushdown,0,0,,,unused by Cameron and not a staple
hide,seed-Kneeling_Forearm_Stretch,,kneeling forearm stretch,forearms,,wrist_curl,0,0,,,stretch/SMR row
hide,seed-Kneeling_High_Pulley_Row,,kneeling high pulley row,lats,cable,lat_pulldown,0,0,,,unused by Cameron and not a staple
hide,seed-Kneeling_Hip_Flexor,,kneeling hip flexor,quadriceps,,squat,0,0,,,stretch/SMR row
hide,seed-Kneeling_Jump_Squat,,kneeling jump squat,glutes,barbell,squat,0,0,,,unused by Cameron and not a staple
hide,seed-Kneeling_Single-Arm_High_Pulley_Row,,kneeling single-arm high pulley row,lats,cable,lat_pulldown,0,0,,,unused by Cameron and not a staple
hide,seed-Kneeling_Squat,,kneeling squat,glutes,barbell,squat,0,0,,,unused by Cameron and not a staple
hide,seed-Landmine_180s,,landmine 180's,abdominals,barbell,russian_twist,0,0,,,unused by Cameron and not a staple
hide,seed-Landmine_Linear_Jammer,,landmine linear jammer,shoulders,barbell,shoulder_press,0,0,,,unused by Cameron and not a staple
hide,seed-Lateral_Bound,,lateral bound,adductors,body only,box_jump,0,0,,,niche/unused category
hide,seed-Lateral_Box_Jump,,lateral box jump,adductors,other,box_jump,0,0,,,niche/unused category
hide,seed-Lateral_Cone_Hops,,lateral cone hops,adductors,other,box_jump,0,0,,,niche/unused category
hide,seed-Lateral_Raise_-_With_Bands,,lateral raise - with bands,shoulders,bands,lateral_raise,0,0,,,unused by Cameron and not a staple
hide,seed-Latissimus_Dorsi-SMR,,latissimus dorsi-smr,lats,foam roll,lat_pulldown,0,0,,,stretch/SMR row
hide,seed-Leg-Over_Floor_Press,,leg-over floor press,chest,kettlebells,bench_press,0,0,,,unused by Cameron and not a staple
hide,seed-Leg-Up_Hamstring_Stretch,,leg-up hamstring stretch,hamstrings,,lying_leg_curl,0,0,,,stretch/SMR row
hide,seed-Leg_Extensions,,leg extensions,quadriceps,machine,leg_extension,0,0,,,unused by Cameron and not a staple
hide,seed-Leg_Lift,,leg lift,glutes,body only,hanging_leg_raise,0,0,,,unused by Cameron and not a staple
hide,seed-Leg_Pull-In,,leg pull-in,abdominals,body only,crunch,0,0,,,unused by Cameron and not a staple
hide,seed-Leverage_Chest_Press,,leverage chest press,chest,machine,bench_press,0,0,,,unused by Cameron and not a staple
hide,seed-Leverage_Deadlift,,leverage deadlift,quadriceps,machine,deadlift,0,0,,,unused by Cameron and not a staple
hide,seed-Leverage_Decline_Chest_Press,,leverage decline chest press,chest,machine,decline_press,0,0,,,unused by Cameron and not a staple
hide,seed-Leverage_High_Row,,leverage high row,middle back,machine,lat_pulldown,0,0,,,unused by Cameron and not a staple
hide,seed-Leverage_Incline_Chest_Press,,leverage incline chest press,chest,machine,incline_press,0,0,,,unused by Cameron and not a staple
hide,seed-Leverage_Iso_Row,,leverage iso row,lats,machine,chest_supported_row,0,0,,,unused by Cameron and not a staple
hide,seed-Leverage_Shoulder_Press,,leverage shoulder press,shoulders,machine,shoulder_press,0,0,,,unused by Cameron and not a staple
hide,seed-Leverage_Shrug,,leverage shrug,traps,machine,shrug,0,0,,,unused by Cameron and not a staple
hide,seed-Linear_3-Part_Start_Technique,,linear 3-part start technique,hamstrings,,running,0,0,,,niche/unused category
hide,seed-Linear_Acceleration_Wall_Drill,,linear acceleration wall drill,hamstrings,,running,0,0,,,niche/unused category
hide,seed-Linear_Depth_Jump,,linear depth jump,quadriceps,other,box_jump,0,0,,,niche/unused category
hide,seed-Log_Lift,,log lift,shoulders,other,clean_and_press,0,0,,,niche/unused category
hide,seed-London_Bridges,,london bridges,lats,other,hip_thrust,0,0,,,unused by Cameron and not a staple
hide,seed-Looking_At_Ceiling,,looking at ceiling,quadriceps,,neck_exercise,0,0,,,stretch/SMR row
hide,seed-Low_Cable_Crossover,,low cable crossover,chest,cable,chest_fly,0,0,,,unused by Cameron and not a staple
hide,seed-Low_Pulley_Row_To_Neck,,low pulley row to neck,shoulders,cable,seated_row,0,0,,,unused by Cameron and not a staple
hide,seed-Lower_Back-SMR,,lower back-smr,lower back,foam roll,back_extension,0,0,,,stretch/SMR row
hide,seed-Lower_Back_Curl,,lower back curl,abdominals,body only,back_extension,0,0,,,stretch/SMR row
hide,seed-Lunge_Pass_Through,,lunge pass through,hamstrings,kettlebells,lunge,0,0,,,unused by Cameron and not a staple
hide,seed-Lunge_Sprint,,lunge sprint,quadriceps,machine,running,0,0,,,unused by Cameron and not a staple
hide,seed-Lying_Bent_Leg_Groin,,lying bent leg groin,adductors,other,squat,0,0,,,stretch/SMR row
hide,seed-Lying_Cable_Curl,,lying cable curl,biceps,cable,biceps_curl,0,0,,,unused by Cameron and not a staple
hide,seed-Lying_Cambered_Barbell_Row,,lying cambered barbell row,middle back,barbell,chest_supported_row,0,0,,,unused by Cameron and not a staple
hide,seed-Lying_Close-Grip_Bar_Curl_On_High_Pulley,,lying close-grip bar curl on high pulley,biceps,cable,biceps_curl,0,0,,,unused by Cameron and not a staple
hide,seed-Lying_Close-Grip_Barbell_Triceps_Extension_Behind_The_Head,,lying close-grip barbell triceps extension behind the head,triceps,barbell,skullcrusher,0,0,,,unused by Cameron and not a staple
hide,seed-Lying_Close-Grip_Barbell_Triceps_Press_To_Chin,,lying close-grip barbell triceps press to chin,triceps,e-z curl bar,skullcrusher,0,0,,,unused by Cameron and not a staple
hide,seed-Lying_Crossover,,lying crossover,abductors,body only,squat,0,0,,,stretch/SMR row
hide,seed-Lying_Dumbbell_Tricep_Extension,,lying dumbbell tricep extension,triceps,dumbbell,skullcrusher,0,0,,,unused by Cameron and not a staple
hide,seed-Lying_Face_Down_Plate_Neck_Resistance,,lying face down plate neck resistance,neck,other,neck_exercise,0,0,,,unused by Cameron and not a staple
hide,seed-Lying_Face_Up_Plate_Neck_Resistance,,lying face up plate neck resistance,neck,other,neck_exercise,0,0,,,unused by Cameron and not a staple
hide,seed-Lying_Glute,,lying glute,glutes,body only,hip_thrust,0,0,,,stretch/SMR row
hide,seed-Lying_Hamstring,,lying hamstring,hamstrings,other,lying_leg_curl,0,0,,,stretch/SMR row
hide,seed-Lying_High_Bench_Barbell_Curl,,lying high bench barbell curl,biceps,barbell,spider_curl,0,0,,,unused by Cameron and not a staple
hide,seed-Lying_Leg_Curls,,lying leg curls,hamstrings,machine,lying_leg_curl,0,0,,,unused by Cameron and not a staple
hide,seed-Lying_Machine_Squat,,lying machine squat,quadriceps,machine,leg_press,0,0,,,unused by Cameron and not a staple
hide,seed-Lying_One-Arm_Lateral_Raise,,lying one-arm lateral raise,shoulders,dumbbell,lateral_raise,0,0,,,unused by Cameron and not a staple
hide,seed-Lying_Prone_Quadriceps,,lying prone quadriceps,quadriceps,body only,squat,0,0,,,stretch/SMR row
hide,seed-Lying_Rear_Delt_Raise,,lying rear delt raise,shoulders,dumbbell,rear_delt_fly,0,0,,,unused by Cameron and not a staple
hide,seed-Lying_Supine_Dumbbell_Curl,,lying supine dumbbell curl,biceps,dumbbell,biceps_curl,0,0,,,unused by Cameron and not a staple
hide,seed-Lying_Triceps_Press,,lying triceps press,triceps,e-z curl bar,skullcrusher,0,0,,,unused by Cameron and not a staple
hide,seed-Machine_Bench_Press,,machine bench press,chest,machine,bench_press,0,0,,,unused by Cameron and not a staple
hide,seed-Machine_Preacher_Curls,,machine preacher curls,biceps,machine,preacher_curl,0,0,,,unused by Cameron and not a staple
hide,seed-Machine_Shoulder_Military_Press,,machine shoulder (military) press,shoulders,machine,shoulder_press,0,0,,,unused by Cameron and not a staple
hide,seed-Medicine_Ball_Chest_Pass,,medicine ball chest pass,chest,medicine ball,push_up,0,0,,,niche/unused category
hide,seed-Medicine_Ball_Full_Twist,,medicine ball full twist,abdominals,medicine ball,russian_twist,0,0,,,niche/unused category
hide,seed-Medicine_Ball_Scoop_Throw,,medicine ball scoop throw,shoulders,medicine ball,running,0,0,,,niche/unused category
hide,seed-Middle_Back_Shrug,,middle back shrug,middle back,dumbbell,shrug,0,0,,,unused by Cameron and not a staple
hide,seed-Middle_Back_Stretch,,middle back stretch,middle back,,squat,0,0,,,stretch/SMR row
hide,seed-Mixed_Grip_Chin,,mixed grip chin,middle back,other,pull_up,0,0,,,unused by Cameron and not a staple
hide,seed-Monster_Walk,,monster walk,abductors,bands,hip_abduction,0,0,,,unused by Cameron and not a staple
hide,seed-Mountain_Climbers,,mountain climbers,quadriceps,,running,0,0,,,niche/unused category
hide,seed-Moving_Claw_Series,,moving claw series,hamstrings,,running,0,0,,,niche/unused category
hide,seed-Muscle_Snatch,,muscle snatch,hamstrings,barbell,snatch,0,0,,,unused by Cameron and not a staple
hide,seed-Muscle_Up,,muscle up,lats,other,muscle_up,0,0,,,unused by Cameron and not a staple
hide,seed-Narrow_Stance_Hack_Squats,,narrow stance hack squats,quadriceps,machine,hack_squat,0,0,,,unused by Cameron and not a staple
hide,seed-Narrow_Stance_Leg_Press,,narrow stance leg press,quadriceps,machine,leg_press,0,0,,,unused by Cameron and not a staple
hide,seed-Narrow_Stance_Squats,,narrow stance squats,quadriceps,barbell,squat,0,0,,,unused by Cameron and not a staple
hide,seed-Natural_Glute_Ham_Raise,,natural glute ham raise,hamstrings,body only,nordic_hamstring_curl,0,0,,,unused by Cameron and not a staple
hide,seed-Neck-SMR,,neck-smr,neck,other,neck_exercise,0,0,,,stretch/SMR row
hide,seed-Neck_Press,,neck press,chest,barbell,shoulder_press,0,0,,,unused by Cameron and not a staple
hide,seed-Oblique_Crunches,,oblique crunches,abdominals,body only,crunch,0,0,,,unused by Cameron and not a staple
hide,seed-Oblique_Crunches_-_On_The_Floor,,oblique crunches - on the floor,abdominals,body only,crunch,0,0,,,unused by Cameron and not a staple
hide,seed-Olympic_Squat,,olympic squat,quadriceps,barbell,squat,0,0,,,unused by Cameron and not a staple
hide,seed-On-Your-Back_Quad_Stretch,,on-your-back quad stretch,quadriceps,other,squat,0,0,,,stretch/SMR row
hide,seed-On_Your_Side_Quad_Stretch,,on your side quad stretch,quadriceps,,squat,0,0,,,stretch/SMR row
hide,seed-One-Arm_Dumbbell_Row,,one-arm dumbbell row,middle back,dumbbell,single_arm_row,0,0,,,unused by Cameron and not a staple
hide,seed-One-Arm_Flat_Bench_Dumbbell_Flye,,one-arm flat bench dumbbell flye,chest,dumbbell,chest_fly,0,0,,,unused by Cameron and not a staple
hide,seed-One-Arm_High-Pulley_Cable_Side_Bends,,one-arm high-pulley cable side bends,abdominals,cable,russian_twist,0,0,,,unused by Cameron and not a staple
hide,seed-One-Arm_Incline_Lateral_Raise,,one-arm incline lateral raise,shoulders,dumbbell,lateral_raise,0,0,,,unused by Cameron and not a staple
hide,seed-One-Arm_Kettlebell_Clean,,one-arm kettlebell clean,hamstrings,kettlebells,power_clean,0,0,,,unused by Cameron and not a staple
hide,seed-One-Arm_Kettlebell_Clean_and_Jerk,,one-arm kettlebell clean and jerk,shoulders,kettlebells,clean_and_press,0,0,,,unused by Cameron and not a staple
hide,seed-One-Arm_Kettlebell_Floor_Press,,one-arm kettlebell floor press,chest,kettlebells,bench_press,0,0,,,unused by Cameron and not a staple
hide,seed-One-Arm_Kettlebell_Jerk,,one-arm kettlebell jerk,shoulders,kettlebells,clean_and_press,0,0,,,unused by Cameron and not a staple
hide,seed-One-Arm_Kettlebell_Military_Press_To_The_Side,,one-arm kettlebell military press to the side,shoulders,kettlebells,shoulder_press,0,0,,,unused by Cameron and not a staple
hide,seed-One-Arm_Kettlebell_Para_Press,,one-arm kettlebell para press,shoulders,kettlebells,shoulder_press,0,0,,,unused by Cameron and not a staple
hide,seed-One-Arm_Kettlebell_Push_Press,,one-arm kettlebell push press,shoulders,kettlebells,shoulder_press,0,0,,,unused by Cameron and not a staple
hide,seed-One-Arm_Kettlebell_Row,,one-arm kettlebell row,middle back,kettlebells,single_arm_row,0,0,,,unused by Cameron and not a staple
hide,seed-One-Arm_Kettlebell_Snatch,,one-arm kettlebell snatch,shoulders,kettlebells,snatch,0,0,,,unused by Cameron and not a staple
hide,seed-One-Arm_Kettlebell_Split_Jerk,,one-arm kettlebell split jerk,shoulders,kettlebells,clean_and_press,0,0,,,unused by Cameron and not a staple
hide,seed-One-Arm_Kettlebell_Split_Snatch,,one-arm kettlebell split snatch,shoulders,kettlebells,snatch,0,0,,,unused by Cameron and not a staple
hide,seed-One-Arm_Kettlebell_Swings,,one-arm kettlebell swings,hamstrings,kettlebells,kettlebell_swing,0,0,,,unused by Cameron and not a staple
hide,seed-One-Arm_Long_Bar_Row,,one-arm long bar row,middle back,barbell,single_arm_row,0,0,,,unused by Cameron and not a staple
hide,seed-One-Arm_Medicine_Ball_Slam,,one-arm medicine ball slam,abdominals,medicine ball,battle_ropes,0,0,,,unused by Cameron and not a staple
hide,seed-One-Arm_Open_Palm_Kettlebell_Clean,,one-arm open palm kettlebell clean,hamstrings,kettlebells,power_clean,0,0,,,unused by Cameron and not a staple
hide,seed-One-Arm_Overhead_Kettlebell_Squats,,one-arm overhead kettlebell squats,quadriceps,kettlebells,squat,0,0,,,unused by Cameron and not a staple
hide,seed-One-Arm_Side_Deadlift,,one-arm side deadlift,quadriceps,barbell,deadlift,0,0,,,unused by Cameron and not a staple
hide,seed-One-Arm_Side_Laterals,,one-arm side laterals,shoulders,dumbbell,lateral_raise,0,0,,,unused by Cameron and not a staple
hide,seed-One-Legged_Cable_Kickback,,one-legged cable kickback,glutes,cable,cable_kickback,0,0,,,unused by Cameron and not a staple
hide,seed-One_Arm_Against_Wall,,one arm against wall,lats,,squat,0,0,,,stretch/SMR row
hide,seed-One_Arm_Chin-Up,,one arm chin-up,middle back,other,pull_up,0,0,,,unused by Cameron and not a staple
hide,seed-One_Arm_Dumbbell_Preacher_Curl,,one arm dumbbell preacher curl,biceps,dumbbell,preacher_curl,0,0,,,unused by Cameron and not a staple
hide,seed-One_Arm_Floor_Press,,one arm floor press,triceps,barbell,bench_press,0,0,,,unused by Cameron and not a staple
hide,seed-One_Arm_Lat_Pulldown,,one arm lat pulldown,lats,cable,lat_pulldown,0,0,,,unused by Cameron and not a staple
hide,seed-One_Arm_Pronated_Dumbbell_Triceps_Extension,,one arm pronated dumbbell triceps extension,triceps,dumbbell,overhead_triceps_extension,0,0,,,unused by Cameron and not a staple
hide,seed-One_Arm_Supinated_Dumbbell_Triceps_Extension,,one arm supinated dumbbell triceps extension,triceps,dumbbell,overhead_triceps_extension,0,0,,,unused by Cameron and not a staple
hide,seed-One_Half_Locust,,one half locust,quadriceps,,back_extension,0,0,,,stretch/SMR row
hide,seed-One_Handed_Hang,,one handed hang,lats,other,pull_up,0,0,,,stretch/SMR row
hide,seed-One_Knee_To_Chest,,one knee to chest,glutes,,squat,0,0,,,stretch/SMR row
hide,seed-One_Leg_Barbell_Squat,,one leg barbell squat,quadriceps,barbell,split_squat,0,0,,,unused by Cameron and not a staple
hide,seed-Open_Palm_Kettlebell_Clean,,open palm kettlebell clean,hamstrings,kettlebells,power_clean,0,0,,,unused by Cameron and not a staple
hide,seed-Otis-Up,,otis-up,abdominals,other,sit_up,0,0,,,unused by Cameron and not a staple
hide,seed-Overhead_Cable_Curl,,overhead cable curl,biceps,cable,biceps_curl,0,0,,,unused by Cameron and not a staple
hide,seed-Overhead_Lat,,overhead lat,lats,other,lat_pulldown,0,0,,,stretch/SMR row
hide,seed-Overhead_Slam,,overhead slam,lats,medicine ball,battle_ropes,0,0,,,niche/unused category
hide,seed-Overhead_Squat,,overhead squat,quadriceps,barbell,squat,0,0,,,unused by Cameron and not a staple
hide,seed-Overhead_Stretch,,overhead stretch,abdominals,,squat,0,0,,,stretch/SMR row
hide,seed-Overhead_Triceps,,overhead triceps,triceps,body only,overhead_triceps_extension,0,0,,,stretch/SMR row
hide,seed-Pallof_Press,,pallof press,abdominals,cable,pallof_press,0,0,,,unused by Cameron and not a staple
hide,seed-Pallof_Press_With_Rotation,,pallof press with rotation,abdominals,cable,pallof_press,0,0,,,unused by Cameron and not a staple
hide,seed-Palms-Down_Dumbbell_Wrist_Curl_Over_A_Bench,,palms-down dumbbell wrist curl over a bench,forearms,dumbbell,reverse_wrist_curl,0,0,,,unused by Cameron and not a staple
hide,seed-Palms-Down_Wrist_Curl_Over_A_Bench,,palms-down wrist curl over a bench,forearms,barbell,reverse_wrist_curl,0,0,,,unused by Cameron and not a staple
hide,seed-Palms-Up_Barbell_Wrist_Curl_Over_A_Bench,,palms-up barbell wrist curl over a bench,forearms,barbell,wrist_curl,0,0,,,unused by Cameron and not a staple
hide,seed-Palms-Up_Dumbbell_Wrist_Curl_Over_A_Bench,,palms-up dumbbell wrist curl over a bench,forearms,dumbbell,wrist_curl,0,0,,,unused by Cameron and not a staple
hide,seed-Parallel_Bar_Dip,,parallel bar dip,triceps,other,chest_dip,0,0,,,unused by Cameron and not a staple
hide,seed-Pelvic_Tilt_Into_Bridge,,pelvic tilt into bridge,lower back,,hip_thrust,0,0,,,stretch/SMR row
hide,seed-Peroneals-SMR,,peroneals-smr,calves,foam roll,standing_calf_raise,0,0,,,stretch/SMR row
hide,seed-Peroneals_Stretch,,peroneals stretch,calves,other,standing_calf_raise,0,0,,,stretch/SMR row
hide,seed-Physioball_Hip_Bridge,,physioball hip bridge,glutes,exercise ball,hip_thrust,0,0,,,unused by Cameron and not a staple
hide,seed-Pin_Presses,,pin presses,triceps,barbell,bench_press,0,0,,,unused by Cameron and not a staple
hide,seed-Piriformis-SMR,,piriformis-smr,glutes,foam roll,hip_abduction,0,0,,,stretch/SMR row
hide,seed-Plate_Pinch,,plate pinch,forearms,other,wrist_curl,0,0,,,unused by Cameron and not a staple
hide,seed-Plate_Twist,,plate twist,abdominals,other,russian_twist,0,0,,,unused by Cameron and not a staple
hide,seed-Platform_Hamstring_Slides,,platform hamstring slides,hamstrings,other,lying_leg_curl,0,0,,,unused by Cameron and not a staple
hide,seed-Plie_Dumbbell_Squat,,plie dumbbell squat,quadriceps,dumbbell,squat,0,0,,,unused by Cameron and not a staple
hide,seed-Plyo_Kettlebell_Pushups,,plyo kettlebell pushups,chest,kettlebells,push_up,0,0,,,unused by Cameron and not a staple
hide,seed-Plyo_Push-up,,plyo push-up,chest,body only,push_up,0,0,,,niche/unused category
hide,seed-Posterior_Tibialis_Stretch,,posterior tibialis stretch,calves,other,standing_calf_raise,0,0,,,stretch/SMR row
hide,seed-Power_Clean,,power clean,hamstrings,barbell,power_clean,0,0,,,unused by Cameron and not a staple
hide,seed-Power_Clean_from_Blocks,,power clean from blocks,hamstrings,barbell,power_clean,0,0,,,unused by Cameron and not a staple
hide,seed-Power_Jerk,,power jerk,quadriceps,barbell,clean_and_press,0,0,,,unused by Cameron and not a staple
hide,seed-Power_Partials,,power partials,shoulders,dumbbell,lateral_raise,0,0,,,unused by Cameron and not a staple
hide,seed-Power_Snatch,,power snatch,hamstrings,barbell,snatch,0,0,,,unused by Cameron and not a staple
hide,seed-Power_Snatch_from_Blocks,,power snatch from blocks,quadriceps,barbell,snatch,0,0,,,unused by Cameron and not a staple
hide,seed-Power_Stairs,,power stairs,hamstrings,other,stair_climber,0,0,,,niche/unused category
hide,seed-Preacher_Curl,,preacher curl,biceps,barbell,preacher_curl,0,0,,,unused by Cameron and not a staple
hide,seed-Press_Sit-Up,,press sit-up,abdominals,barbell,sit_up,0,0,,,unused by Cameron and not a staple
hide,seed-Prone_Manual_Hamstring,,prone manual hamstring,hamstrings,,lying_leg_curl,0,0,,,unused by Cameron and not a staple
hide,seed-Prowler_Sprint,,prowler sprint,hamstrings,other,sled_push_pull,0,0,,,niche/unused category
hide,seed-Pull_Through,,pull through,glutes,cable,good_morning,0,0,,,unused by Cameron and not a staple
hide,seed-Pullups,,pullups,lats,body only,pull_up,0,0,,,unused by Cameron and not a staple
hide,seed-Push-Up_Wide,,push-up wide,chest,body only,push_up,0,0,,,unused by Cameron and not a staple
hide,seed-Push-Ups_-_Close_Triceps_Position,,push-ups - close triceps position,triceps,body only,push_up,0,0,,,unused by Cameron and not a staple
hide,seed-Push-Ups_With_Feet_Elevated,,push-ups with feet elevated,chest,body only,decline_push_up,0,0,,,unused by Cameron and not a staple
hide,seed-Push-Ups_With_Feet_On_An_Exercise_Ball,,push-ups with feet on an exercise ball,chest,exercise ball,decline_push_up,0,0,,,unused by Cameron and not a staple
hide,seed-Push_Press,,push press,shoulders,barbell,shoulder_press,0,0,,,unused by Cameron and not a staple
hide,seed-Push_Press_-_Behind_the_Neck,,push press - behind the neck,shoulders,barbell,shoulder_press,0,0,,,unused by Cameron and not a staple
hide,seed-Push_Up_to_Side_Plank,,push up to side plank,chest,body only,push_up,0,0,,,unused by Cameron and not a staple
hide,seed-Pushups,,pushups,chest,body only,push_up,0,0,,,unused by Cameron and not a staple
hide,seed-Pushups_Close_and_Wide_Hand_Positions,,pushups (close and wide hand positions),chest,body only,push_up,0,0,,,unused by Cameron and not a staple
hide,seed-Pyramid,,pyramid,lower back,exercise ball,squat,0,0,,,stretch/SMR row
hide,seed-Quad_Stretch,,quad stretch,quadriceps,other,squat,0,0,,,stretch/SMR row
hide,seed-Quadriceps-SMR,,quadriceps-smr,quadriceps,foam roll,squat,0,0,,,stretch/SMR row
hide,seed-Quick_Leap,,quick leap,quadriceps,other,box_jump,0,0,,,niche/unused category
hide,seed-Rack_Delivery,,rack delivery,shoulders,barbell,rack_pull,0,0,,,unused by Cameron and not a staple
hide,seed-Rack_Pull_with_Bands,,rack pull with bands,lower back,barbell,rack_pull,0,0,,,unused by Cameron and not a staple
hide,seed-Rack_Pulls,,rack pulls,lower back,barbell,rack_pull,0,0,,,unused by Cameron and not a staple
hide,seed-Rear_Leg_Raises,,rear leg raises,quadriceps,body only,cable_kickback,0,0,,,stretch/SMR row
hide,seed-Recumbent_Bike,,recumbent bike,quadriceps,machine,cycling,0,0,,,unused by Cameron and not a staple
hide,seed-Return_Push_from_Stance,,return push from stance,shoulders,medicine ball,push_up,0,0,,,niche/unused category
hide,seed-Reverse_Band_Bench_Press,,reverse band bench press,triceps,barbell,bench_press,0,0,,,unused by Cameron and not a staple
hide,seed-Reverse_Band_Box_Squat,,reverse band box squat,quadriceps,barbell,squat,0,0,,,unused by Cameron and not a staple
hide,seed-Reverse_Band_Deadlift,,reverse band deadlift,lower back,barbell,deadlift,0,0,,,unused by Cameron and not a staple
hide,seed-Reverse_Band_Power_Squat,,reverse band power squat,quadriceps,barbell,squat,0,0,,,unused by Cameron and not a staple
hide,seed-Reverse_Band_Sumo_Deadlift,,reverse band sumo deadlift,hamstrings,barbell,sumo_deadlift,0,0,,,unused by Cameron and not a staple
hide,seed-Reverse_Barbell_Preacher_Curls,,reverse barbell preacher curls,biceps,e-z curl bar,preacher_curl,0,0,,,unused by Cameron and not a staple
hide,seed-Reverse_Cable_Curl,,reverse cable curl,biceps,cable,reverse_curl,0,0,,,unused by Cameron and not a staple
hide,seed-Reverse_Crunch,,reverse crunch,abdominals,body only,crunch,0,0,,,unused by Cameron and not a staple
hide,seed-Reverse_Flyes,,reverse flyes,shoulders,dumbbell,rear_delt_fly,0,0,,,unused by Cameron and not a staple
hide,seed-Reverse_Flyes_With_External_Rotation,,reverse flyes with external rotation,shoulders,dumbbell,rear_delt_fly,0,0,,,unused by Cameron and not a staple
hide,seed-Reverse_Grip_Bent-Over_Rows,,reverse grip bent-over rows,middle back,barbell,bent_over_row,0,0,,,unused by Cameron and not a staple
hide,seed-Reverse_Grip_Triceps_Pushdown,,reverse grip triceps pushdown,triceps,cable,triceps_pushdown,0,0,,,unused by Cameron and not a staple
hide,seed-Reverse_Hyperextension,,reverse hyperextension,hamstrings,machine,back_extension,0,0,,,unused by Cameron and not a staple
hide,seed-Reverse_Machine_Flyes,,reverse machine flyes,shoulders,machine,rear_delt_fly,0,0,,,unused by Cameron and not a staple
hide,seed-Reverse_Plate_Curls,,reverse plate curls,biceps,other,reverse_curl,0,0,,,unused by Cameron and not a staple
hide,seed-Reverse_Triceps_Bench_Press,,reverse triceps bench press,triceps,barbell,close_grip_bench_press,0,0,,,unused by Cameron and not a staple
hide,seed-Rhomboids-SMR,,rhomboids-smr,middle back,foam roll,rear_delt_fly,0,0,,,stretch/SMR row
hide,seed-Rickshaw_Carry,,rickshaw carry,forearms,other,farmers_walk,0,0,,,niche/unused category
hide,seed-Rickshaw_Deadlift,,rickshaw deadlift,quadriceps,other,deadlift,0,0,,,niche/unused category
hide,seed-Ring_Dips,,ring dips,triceps,other,chest_dip,0,0,,,unused by Cameron and not a staple
hide,seed-Rocket_Jump,,rocket jump,quadriceps,body only,box_jump,0,0,,,niche/unused category
hide,seed-Rocking_Standing_Calf_Raise,,rocking standing calf raise,calves,barbell,standing_calf_raise,0,0,,,unused by Cameron and not a staple
hide,seed-Rocky_Pull-Ups_Pulldowns,,rocky pull-ups/pulldowns,lats,other,lat_pulldown,0,0,,,unused by Cameron and not a staple
hide,seed-Romanian_Deadlift,,romanian deadlift,hamstrings,barbell,romanian_deadlift,0,0,,,unused by Cameron and not a staple
hide,seed-Romanian_Deadlift_from_Deficit,,romanian deadlift from deficit,hamstrings,barbell,romanian_deadlift,0,0,,,unused by Cameron and not a staple
hide,seed-Rope_Climb,,rope climb,lats,other,battle_ropes,0,0,,,unused by Cameron and not a staple
hide,seed-Rope_Crunch,,rope crunch,abdominals,cable,cable_crunch,0,0,,,unused by Cameron and not a staple
hide,seed-Rope_Jumping,,rope jumping,quadriceps,other,jump_rope,0,0,,,unused by Cameron and not a staple
hide,seed-Rope_Straight-Arm_Pulldown,,rope straight-arm pulldown,lats,cable,straight_arm_pulldown,0,0,,,unused by Cameron and not a staple
hide,seed-Round_The_World_Shoulder_Stretch,,round the world shoulder stretch,shoulders,other,lateral_raise,0,0,,,stretch/SMR row
hide,seed-Rowing_Stationary,,"rowing, stationary",quadriceps,machine,rowing,0,0,,,unused by Cameron and not a staple
hide,seed-Runners_Stretch,,runner's stretch,hamstrings,,running,0,0,,,stretch/SMR row
hide,seed-Russian_Twist,,russian twist,abdominals,body only,russian_twist,0,0,,,unused by Cameron and not a staple
hide,seed-Sandbag_Load,,sandbag load,quadriceps,other,power_clean,0,0,,,niche/unused category
hide,seed-Scapular_Pull-Up,,scapular pull-up,traps,,pull_up,0,0,,,unused by Cameron and not a staple
hide,seed-Scissor_Kick,,scissor kick,abdominals,body only,crunch,0,0,,,stretch/SMR row
hide,seed-Scissors_Jump,,scissors jump,quadriceps,body only,box_jump,0,0,,,niche/unused category
hide,seed-Seated_Band_Hamstring_Curl,,seated band hamstring curl,hamstrings,other,seated_leg_curl,0,0,,,unused by Cameron and not a staple
hide,seed-Seated_Barbell_Military_Press,,seated barbell military press,shoulders,barbell,shoulder_press,0,0,,,unused by Cameron and not a staple
hide,seed-Seated_Barbell_Twist,,seated barbell twist,abdominals,barbell,russian_twist,0,0,,,unused by Cameron and not a staple
hide,seed-Seated_Bent-Over_One-Arm_Dumbbell_Triceps_Extension,,seated bent-over one-arm dumbbell triceps extension,triceps,dumbbell,triceps_kickback,0,0,,,unused by Cameron and not a staple
hide,seed-Seated_Bent-Over_Rear_Delt_Raise,,seated bent-over rear delt raise,shoulders,dumbbell,rear_delt_fly,0,0,,,unused by Cameron and not a staple
hide,seed-Seated_Bent-Over_Two-Arm_Dumbbell_Triceps_Extension,,seated bent-over two-arm dumbbell triceps extension,triceps,dumbbell,triceps_kickback,0,0,,,unused by Cameron and not a staple
hide,seed-Seated_Biceps,,seated biceps,biceps,body only,biceps_curl,0,0,,,stretch/SMR row
hide,seed-Seated_Cable_Rows,,seated cable rows,middle back,cable,seated_row,0,0,,,unused by Cameron and not a staple
hide,seed-Seated_Cable_Shoulder_Press,,seated cable shoulder press,shoulders,cable,shoulder_press,0,0,,,unused by Cameron and not a staple
hide,seed-Seated_Calf_Stretch,,seated calf stretch,calves,,seated_calf_raise,0,0,,,stretch/SMR row
hide,seed-Seated_Close-Grip_Concentration_Barbell_Curl,,seated close-grip concentration barbell curl,biceps,barbell,concentration_curl,0,0,,,unused by Cameron and not a staple
hide,seed-Seated_Dumbbell_Curl,,seated dumbbell curl,biceps,dumbbell,biceps_curl,0,0,,,unused by Cameron and not a staple
hide,seed-Seated_Dumbbell_Inner_Biceps_Curl,,seated dumbbell inner biceps curl,biceps,dumbbell,biceps_curl,0,0,,,unused by Cameron and not a staple
hide,seed-Seated_Dumbbell_Palms-Down_Wrist_Curl,,seated dumbbell palms-down wrist curl,forearms,dumbbell,reverse_wrist_curl,0,0,,,unused by Cameron and not a staple
hide,seed-Seated_Dumbbell_Palms-Up_Wrist_Curl,,seated dumbbell palms-up wrist curl,forearms,dumbbell,wrist_curl,0,0,,,unused by Cameron and not a staple
hide,seed-Seated_Dumbbell_Press,,seated dumbbell press,shoulders,dumbbell,shoulder_press,0,0,,,unused by Cameron and not a staple
hide,seed-Seated_Flat_Bench_Leg_Pull-In,,seated flat bench leg pull-in,abdominals,body only,crunch,0,0,,,unused by Cameron and not a staple
hide,seed-Seated_Floor_Hamstring_Stretch,,seated floor hamstring stretch,hamstrings,,seated_leg_curl,0,0,,,stretch/SMR row
hide,seed-Seated_Front_Deltoid,,seated front deltoid,shoulders,body only,front_raise,0,0,,,stretch/SMR row
hide,seed-Seated_Glute,,seated glute,glutes,body only,hip_thrust,0,0,,,stretch/SMR row
hide,seed-Seated_Good_Mornings,,seated good mornings,lower back,barbell,good_morning,0,0,,,unused by Cameron and not a staple
hide,seed-Seated_Hamstring,,seated hamstring,hamstrings,,seated_leg_curl,0,0,,,stretch/SMR row
hide,seed-Seated_Hamstring_and_Calf_Stretch,,seated hamstring and calf stretch,hamstrings,other,seated_leg_curl,0,0,,,stretch/SMR row
hide,seed-Seated_Head_Harness_Neck_Resistance,,seated head harness neck resistance,neck,other,neck_exercise,0,0,,,unused by Cameron and not a staple
hide,seed-Seated_Leg_Tucks,,seated leg tucks,abdominals,body only,crunch,0,0,,,unused by Cameron and not a staple
hide,seed-Seated_One-Arm_Dumbbell_Palms-Up_Wrist_Curl,,seated one-arm dumbbell palms-up wrist curl,forearms,dumbbell,wrist_curl,0,0,,,unused by Cameron and not a staple
hide,seed-Seated_One-arm_Cable_Pulley_Rows,,seated one-arm cable pulley rows,middle back,cable,seated_row,0,0,,,unused by Cameron and not a staple
hide,seed-Seated_Overhead_Stretch,,seated overhead stretch,abdominals,,shoulder_press,0,0,,,stretch/SMR row
hide,seed-Seated_Palm-Up_Barbell_Wrist_Curl,,seated palm-up barbell wrist curl,forearms,barbell,wrist_curl,0,0,,,unused by Cameron and not a staple
hide,seed-Seated_Palms-Down_Barbell_Wrist_Curl,,seated palms-down barbell wrist curl,forearms,barbell,reverse_wrist_curl,0,0,,,unused by Cameron and not a staple
hide,seed-Seated_Side_Lateral_Raise,,seated side lateral raise,shoulders,dumbbell,lateral_raise,0,0,,,unused by Cameron and not a staple
hide,seed-Seated_Triceps_Press,,seated triceps press,triceps,dumbbell,overhead_triceps_extension,0,0,,,unused by Cameron and not a staple
hide,seed-Seated_Two-Arm_Palms-Up_Low-Pulley_Wrist_Curl,,seated two-arm palms-up low-pulley wrist curl,forearms,cable,wrist_curl,0,0,,,unused by Cameron and not a staple
hide,seed-See-Saw_Press_Alternating_Side_Press,,see-saw press (alternating side press),shoulders,dumbbell,shoulder_press,0,0,,,unused by Cameron and not a staple
hide,seed-Shotgun_Row,,shotgun row,lats,cable,single_arm_row,0,0,,,unused by Cameron and not a staple
hide,seed-Shoulder_Circles,,shoulder circles,shoulders,,lateral_raise,0,0,,,stretch/SMR row
hide,seed-Shoulder_Press_-_With_Bands,,shoulder press - with bands,shoulders,bands,shoulder_press,0,0,,,unused by Cameron and not a staple
hide,seed-Shoulder_Raise,,shoulder raise,shoulders,,lateral_raise,0,0,,,stretch/SMR row
hide,seed-Shoulder_Stretch,,shoulder stretch,shoulders,,lateral_raise,0,0,,,stretch/SMR row
hide,seed-Side-Lying_Floor_Stretch,,side-lying floor stretch,lats,,squat,0,0,,,stretch/SMR row
hide,seed-Side_Bridge,,side bridge,abdominals,body only,side_plank,0,0,,,unused by Cameron and not a staple
hide,seed-Side_Hop-Sprint,,side hop-sprint,quadriceps,other,box_jump,0,0,,,niche/unused category
hide,seed-Side_Jackknife,,side jackknife,abdominals,body only,crunch,0,0,,,unused by Cameron and not a staple
hide,seed-Side_Lateral_Raise,,side lateral raise,shoulders,dumbbell,lateral_raise,0,0,,,unused by Cameron and not a staple
hide,seed-Side_Laterals_to_Front_Raise,,side laterals to front raise,shoulders,dumbbell,lateral_raise,0,0,,,unused by Cameron and not a staple
hide,seed-Side_Leg_Raises,,side leg raises,adductors,body only,hip_abduction,0,0,,,stretch/SMR row
hide,seed-Side_Lying_Groin_Stretch,,side lying groin stretch,adductors,,hip_adduction,0,0,,,stretch/SMR row
hide,seed-Side_Neck_Stretch,,side neck stretch,neck,,neck_exercise,0,0,,,stretch/SMR row
hide,seed-Side_Standing_Long_Jump,,side standing long jump,quadriceps,,box_jump,0,0,,,niche/unused category
hide,seed-Side_To_Side_Chins,,side to side chins,lats,other,pull_up,0,0,,,unused by Cameron and not a staple
hide,seed-Side_Wrist_Pull,,side wrist pull,shoulders,,wrist_curl,0,0,,,stretch/SMR row
hide,seed-Side_to_Side_Box_Shuffle,,side to side box shuffle,quadriceps,other,box_jump,0,0,,,niche/unused category
hide,seed-Single-Arm_Linear_Jammer,,single-arm linear jammer,shoulders,barbell,shoulder_press,0,0,,,unused by Cameron and not a staple
hide,seed-Single-Arm_Push-Up,,single-arm push-up,chest,body only,push_up,0,0,,,unused by Cameron and not a staple
hide,seed-Single-Cone_Sprint_Drill,,single-cone sprint drill,quadriceps,other,box_jump,0,0,,,niche/unused category
hide,seed-Single-Leg_High_Box_Squat,,single-leg high box squat,quadriceps,other,squat,0,0,,,unused by Cameron and not a staple
hide,seed-Single-Leg_Hop_Progression,,single-leg hop progression,quadriceps,other,box_jump,0,0,,,niche/unused category
hide,seed-Single-Leg_Lateral_Hop,,single-leg lateral hop,quadriceps,other,box_jump,0,0,,,niche/unused category
hide,seed-Single-Leg_Leg_Extension,,single-leg leg extension,quadriceps,machine,leg_extension,0,0,,,unused by Cameron and not a staple
hide,seed-Single-Leg_Stride_Jump,,single-leg stride jump,quadriceps,other,box_jump,0,0,,,niche/unused category
hide,seed-Single_Dumbbell_Raise,,single dumbbell raise,shoulders,dumbbell,front_raise,0,0,,,unused by Cameron and not a staple
hide,seed-Single_Leg_Butt_Kick,,single leg butt kick,quadriceps,body only,lying_leg_curl,0,0,,,niche/unused category
hide,seed-Single_Leg_Glute_Bridge,,single leg glute bridge,glutes,body only,hip_thrust,0,0,,,unused by Cameron and not a staple
hide,seed-Single_Leg_Push-off,,single leg push-off,quadriceps,other,box_jump,0,0,,,niche/unused category
hide,seed-Sit-Up,,sit-up,abdominals,body only,sit_up,0,0,,,unused by Cameron and not a staple
hide,seed-Sit_Squats,,sit squats,quadriceps,,squat,0,0,,,stretch/SMR row
hide,seed-Skating,,skating,quadriceps,other,running,0,0,,,unused by Cameron and not a staple
hide,seed-Sled_Drag_-_Harness,,sled drag - harness,quadriceps,other,sled_push_pull,0,0,,,niche/unused category
hide,seed-Sled_Overhead_Backward_Walk,,sled overhead backward walk,shoulders,other,sled_push_pull,0,0,,,niche/unused category
hide,seed-Sled_Overhead_Triceps_Extension,,sled overhead triceps extension,triceps,other,sled_push_pull,0,0,,,niche/unused category
hide,seed-Sled_Push,,sled push,quadriceps,other,sled_push_pull,0,0,,,niche/unused category
hide,seed-Sled_Reverse_Flye,,sled reverse flye,shoulders,other,sled_push_pull,0,0,,,niche/unused category
hide,seed-Sled_Row,,sled row,middle back,other,sled_push_pull,0,0,,,niche/unused category
hide,seed-Sledgehammer_Swings,,sledgehammer swings,abdominals,other,battle_ropes,0,0,,,niche/unused category
hide,seed-Smith_Incline_Shoulder_Raise,,smith incline shoulder raise,shoulders,barbell,y_raise,0,0,,,unused by Cameron and not a staple
hide,seed-Smith_Machine_Behind_the_Back_Shrug,,smith machine behind the back shrug,traps,machine,shrug,0,0,,,unused by Cameron and not a staple
hide,seed-Smith_Machine_Bent_Over_Row,,smith machine bent over row,middle back,machine,bent_over_row,0,0,,,unused by Cameron and not a staple
hide,seed-Smith_Machine_Calf_Raise,,smith machine calf raise,calves,machine,standing_calf_raise,0,0,,,unused by Cameron and not a staple
hide,seed-Smith_Machine_Close-Grip_Bench_Press,,smith machine close-grip bench press,triceps,machine,close_grip_bench_press,0,0,,,unused by Cameron and not a staple
hide,seed-Smith_Machine_Decline_Press,,smith machine decline press,chest,machine,decline_press,0,0,,,unused by Cameron and not a staple
hide,seed-Smith_Machine_Hang_Power_Clean,,smith machine hang power clean,hamstrings,machine,power_clean,0,0,,,unused by Cameron and not a staple
hide,seed-Smith_Machine_Hip_Raise,,smith machine hip raise,abdominals,machine,hanging_leg_raise,0,0,,,unused by Cameron and not a staple
hide,seed-Smith_Machine_Incline_Bench_Press,,smith machine incline bench press,chest,machine,incline_press,0,0,,,unused by Cameron and not a staple
hide,seed-Smith_Machine_Leg_Press,,smith machine leg press,quadriceps,machine,leg_press,0,0,,,unused by Cameron and not a staple
hide,seed-Smith_Machine_Overhead_Shoulder_Press,,smith machine overhead shoulder press,shoulders,machine,shoulder_press,0,0,,,unused by Cameron and not a staple
hide,seed-Smith_Machine_Pistol_Squat,,smith machine pistol squat,quadriceps,machine,squat,0,0,,,unused by Cameron and not a staple
hide,seed-Smith_Machine_Reverse_Calf_Raises,,smith machine reverse calf raises,calves,machine,standing_calf_raise,0,0,,,unused by Cameron and not a staple
hide,seed-Smith_Machine_Stiff-Legged_Deadlift,,smith machine stiff-legged deadlift,hamstrings,machine,stiff_leg_deadlift,0,0,,,unused by Cameron and not a staple
hide,seed-Smith_Machine_Upright_Row,,smith machine upright row,traps,machine,upright_row,0,0,,,unused by Cameron and not a staple
hide,seed-Smith_Single-Leg_Split_Squat,,smith single-leg split squat,quadriceps,machine,split_squat,0,0,,,unused by Cameron and not a staple
hide,seed-Snatch,,snatch,quadriceps,barbell,snatch,0,0,,,unused by Cameron and not a staple
hide,seed-Snatch_Balance,,snatch balance,quadriceps,barbell,snatch,0,0,,,unused by Cameron and not a staple
hide,seed-Snatch_Deadlift,,snatch deadlift,hamstrings,barbell,snatch,0,0,,,unused by Cameron and not a staple
hide,seed-Snatch_Pull,,snatch pull,hamstrings,barbell,snatch,0,0,,,unused by Cameron and not a staple
hide,seed-Snatch_Shrug,,snatch shrug,traps,barbell,shrug,0,0,,,unused by Cameron and not a staple
hide,seed-Snatch_from_Blocks,,snatch from blocks,quadriceps,barbell,snatch,0,0,,,unused by Cameron and not a staple
hide,seed-Speed_Band_Overhead_Triceps,,speed band overhead triceps,triceps,bands,overhead_triceps_extension,0,0,,,unused by Cameron and not a staple
hide,seed-Speed_Box_Squat,,speed box squat,quadriceps,barbell,squat,0,0,,,unused by Cameron and not a staple
hide,seed-Speed_Squats,,speed squats,quadriceps,barbell,squat,0,0,,,unused by Cameron and not a staple
hide,seed-Spell_Caster,,spell caster,abdominals,dumbbell,russian_twist,0,0,,,unused by Cameron and not a staple
hide,seed-Spider_Crawl,,spider crawl,abdominals,body only,push_up,0,0,,,unused by Cameron and not a staple
hide,seed-Spider_Curl,,spider curl,biceps,e-z curl bar,spider_curl,0,0,,,unused by Cameron and not a staple
hide,seed-Spinal_Stretch,,spinal stretch,middle back,,squat,0,0,,,stretch/SMR row
hide,seed-Split_Clean,,split clean,quadriceps,barbell,power_clean,0,0,,,unused by Cameron and not a staple
hide,seed-Split_Jerk,,split jerk,quadriceps,barbell,clean_and_press,0,0,,,unused by Cameron and not a staple
hide,seed-Split_Jump,,split jump,quadriceps,body only,box_jump,0,0,,,niche/unused category
hide,seed-Split_Snatch,,split snatch,hamstrings,barbell,snatch,0,0,,,unused by Cameron and not a staple
hide,seed-Split_Squat_with_Dumbbells,,split squat with dumbbells,quadriceps,dumbbell,split_squat,0,0,,,unused by Cameron and not a staple
hide,seed-Split_Squats,,split squats,hamstrings,,split_squat,0,0,,,stretch/SMR row
hide,seed-Squat_Jerk,,squat jerk,quadriceps,barbell,clean_and_press,0,0,,,unused by Cameron and not a staple
hide,seed-Squat_with_Bands,,squat with bands,quadriceps,barbell,squat,0,0,,,unused by Cameron and not a staple
hide,seed-Squat_with_Chains,,squat with chains,quadriceps,barbell,squat,0,0,,,unused by Cameron and not a staple
hide,seed-Squat_with_Plate_Movers,,squat with plate movers,quadriceps,barbell,squat,0,0,,,unused by Cameron and not a staple
hide,seed-Squats_-_With_Bands,,squats - with bands,quadriceps,bands,squat,0,0,,,unused by Cameron and not a staple
hide,seed-Stairmaster,,stairmaster,quadriceps,machine,stair_climber,0,0,,,unused by Cameron and not a staple
hide,seed-Standing_Alternating_Dumbbell_Press,,standing alternating dumbbell press,shoulders,dumbbell,shoulder_press,0,0,,,unused by Cameron and not a staple
hide,seed-Standing_Barbell_Calf_Raise,,standing barbell calf raise,calves,barbell,standing_calf_raise,0,0,,,unused by Cameron and not a staple
hide,seed-Standing_Barbell_Press_Behind_Neck,,standing barbell press behind neck,shoulders,barbell,shoulder_press,0,0,,,unused by Cameron and not a staple
hide,seed-Standing_Bent-Over_One-Arm_Dumbbell_Triceps_Extension,,standing bent-over one-arm dumbbell triceps extension,triceps,dumbbell,triceps_kickback,0,0,,,unused by Cameron and not a staple
hide,seed-Standing_Bent-Over_Two-Arm_Dumbbell_Triceps_Extension,,standing bent-over two-arm dumbbell triceps extension,triceps,dumbbell,triceps_kickback,0,0,,,unused by Cameron and not a staple
hide,seed-Standing_Biceps_Cable_Curl,,standing biceps cable curl,biceps,cable,biceps_curl,0,0,,,unused by Cameron and not a staple
hide,seed-Standing_Biceps_Stretch,,standing biceps stretch,biceps,other,biceps_curl,0,0,,,stretch/SMR row
hide,seed-Standing_Bradford_Press,,standing bradford press,shoulders,barbell,shoulder_press,0,0,,,unused by Cameron and not a staple
hide,seed-Standing_Cable_Chest_Press,,standing cable chest press,chest,cable,bench_press,0,0,,,unused by Cameron and not a staple
hide,seed-Standing_Cable_Lift,,standing cable lift,abdominals,cable,wood_chop,0,0,,,unused by Cameron and not a staple
hide,seed-Standing_Cable_Wood_Chop,,standing cable wood chop,abdominals,cable,wood_chop,0,0,,,unused by Cameron and not a staple
hide,seed-Standing_Calf_Raises,,standing calf raises,calves,machine,standing_calf_raise,0,0,,,unused by Cameron and not a staple
hide,seed-Standing_Concentration_Curl,,standing concentration curl,biceps,dumbbell,concentration_curl,0,0,,,unused by Cameron and not a staple
hide,seed-Standing_Dumbbell_Calf_Raise,,standing dumbbell calf raise,calves,dumbbell,standing_calf_raise,0,0,,,unused by Cameron and not a staple
hide,seed-Standing_Dumbbell_Press,,standing dumbbell press,shoulders,dumbbell,shoulder_press,0,0,,,unused by Cameron and not a staple
hide,seed-Standing_Dumbbell_Reverse_Curl,,standing dumbbell reverse curl,biceps,dumbbell,reverse_curl,0,0,,,unused by Cameron and not a staple
hide,seed-Standing_Dumbbell_Straight-Arm_Front_Delt_Raise_Above_Head,,standing dumbbell straight-arm front delt raise above head,shoulders,dumbbell,front_raise,0,0,,,unused by Cameron and not a staple
hide,seed-Standing_Elevated_Quad_Stretch,,standing elevated quad stretch,quadriceps,other,squat,0,0,,,stretch/SMR row
hide,seed-Standing_Front_Barbell_Raise_Over_Head,,standing front barbell raise over head,shoulders,barbell,front_raise,0,0,,,unused by Cameron and not a staple
hide,seed-Standing_Gastrocnemius_Calf_Stretch,,standing gastrocnemius calf stretch,calves,,standing_calf_raise,0,0,,,stretch/SMR row
hide,seed-Standing_Hamstring_and_Calf_Stretch,,standing hamstring and calf stretch,hamstrings,other,standing_calf_raise,0,0,,,stretch/SMR row
hide,seed-Standing_Hip_Circles,,standing hip circles,abductors,body only,squat,0,0,,,stretch/SMR row
hide,seed-Standing_Hip_Flexors,,standing hip flexors,quadriceps,,squat,0,0,,,stretch/SMR row
hide,seed-Standing_Inner-Biceps_Curl,,standing inner-biceps curl,biceps,dumbbell,biceps_curl,0,0,,,unused by Cameron and not a staple
hide,seed-Standing_Lateral_Stretch,,standing lateral stretch,abdominals,,lateral_raise,0,0,,,stretch/SMR row
hide,seed-Standing_Leg_Curl,,standing leg curl,hamstrings,machine,lying_leg_curl,0,0,,,unused by Cameron and not a staple
hide,seed-Standing_Long_Jump,,standing long jump,quadriceps,body only,box_jump,0,0,,,niche/unused category
hide,seed-Standing_Low-Pulley_Deltoid_Raise,,standing low-pulley deltoid raise,shoulders,cable,lateral_raise,0,0,,,unused by Cameron and not a staple
hide,seed-Standing_Low-Pulley_One-Arm_Triceps_Extension,,standing low-pulley one-arm triceps extension,triceps,cable,overhead_triceps_extension,0,0,,,unused by Cameron and not a staple
hide,seed-Standing_Military_Press,,standing military press,shoulders,barbell,shoulder_press,0,0,,,unused by Cameron and not a staple
hide,seed-Standing_Olympic_Plate_Hand_Squeeze,,standing olympic plate hand squeeze,forearms,other,wrist_curl,0,0,,,unused by Cameron and not a staple
hide,seed-Standing_One-Arm_Cable_Curl,,standing one-arm cable curl,biceps,cable,biceps_curl,0,0,,,unused by Cameron and not a staple
hide,seed-Standing_One-Arm_Dumbbell_Curl_Over_Incline_Bench,,standing one-arm dumbbell curl over incline bench,biceps,dumbbell,incline_biceps_curl,0,0,,,unused by Cameron and not a staple
hide,seed-Standing_Palm-In_One-Arm_Dumbbell_Press,,standing palm-in one-arm dumbbell press,shoulders,dumbbell,shoulder_press,0,0,,,unused by Cameron and not a staple
hide,seed-Standing_Palms-In_Dumbbell_Press,,standing palms-in dumbbell press,shoulders,dumbbell,shoulder_press,0,0,,,unused by Cameron and not a staple
hide,seed-Standing_Palms-Up_Barbell_Behind_The_Back_Wrist_Curl,,standing palms-up barbell behind the back wrist curl,forearms,barbell,wrist_curl,0,0,,,unused by Cameron and not a staple
hide,seed-Standing_Pelvic_Tilt,,standing pelvic tilt,lower back,,squat,0,0,,,stretch/SMR row
hide,seed-Standing_Rope_Crunch,,standing rope crunch,abdominals,cable,cable_crunch,0,0,,,unused by Cameron and not a staple
hide,seed-Standing_Soleus_And_Achilles_Stretch,,standing soleus and achilles stretch,calves,,standing_calf_raise,0,0,,,stretch/SMR row
hide,seed-Standing_Toe_Touches,,standing toe touches,hamstrings,,deadlift,0,0,,,stretch/SMR row
hide,seed-Standing_Towel_Triceps_Extension,,standing towel triceps extension,triceps,body only,overhead_triceps_extension,0,0,,,unused by Cameron and not a staple
hide,seed-Standing_Two-Arm_Overhead_Throw,,standing two-arm overhead throw,shoulders,medicine ball,running,0,0,,,niche/unused category
hide,seed-Star_Jump,,star jump,quadriceps,body only,box_jump,0,0,,,niche/unused category
hide,seed-Step-up_with_Knee_Raise,,step-up with knee raise,glutes,body only,step_up,0,0,,,unused by Cameron and not a staple
hide,seed-Step_Mill,,step mill,quadriceps,machine,stair_climber,0,0,,,unused by Cameron and not a staple
hide,seed-Stiff-Legged_Barbell_Deadlift,,stiff-legged barbell deadlift,hamstrings,barbell,stiff_leg_deadlift,0,0,,,unused by Cameron and not a staple
hide,seed-Stiff-Legged_Dumbbell_Deadlift,,stiff-legged dumbbell deadlift,hamstrings,dumbbell,stiff_leg_deadlift,0,0,,,unused by Cameron and not a staple
hide,seed-Stiff_Leg_Barbell_Good_Morning,,stiff leg barbell good morning,lower back,barbell,good_morning,0,0,,,unused by Cameron and not a staple
hide,seed-Stomach_Vacuum,,stomach vacuum,abdominals,body only,crunch,0,0,,,stretch/SMR row
hide,seed-Straight-Arm_Dumbbell_Pullover,,straight-arm dumbbell pullover,chest,dumbbell,chest_pullover,0,0,,,unused by Cameron and not a staple
hide,seed-Straight-Arm_Pulldown,,straight-arm pulldown,lats,cable,straight_arm_pulldown,0,0,,,unused by Cameron and not a staple
hide,seed-Straight_Bar_Bench_Mid_Rows,,straight bar bench mid rows,middle back,barbell,bent_over_row,0,0,,,unused by Cameron and not a staple
hide,seed-Straight_Raises_on_Incline_Bench,,straight raises on incline bench,shoulders,barbell,front_raise,0,0,,,unused by Cameron and not a staple
hide,seed-Stride_Jump_Crossover,,stride jump crossover,quadriceps,other,box_jump,0,0,,,niche/unused category
hide,seed-Sumo_Deadlift,,sumo deadlift,hamstrings,barbell,sumo_deadlift,0,0,,,unused by Cameron and not a staple
hide,seed-Sumo_Deadlift_with_Bands,,sumo deadlift with bands,hamstrings,barbell,sumo_deadlift,0,0,,,unused by Cameron and not a staple
hide,seed-Sumo_Deadlift_with_Chains,,sumo deadlift with chains,hamstrings,barbell,sumo_deadlift,0,0,,,unused by Cameron and not a staple
hide,seed-Superman,,superman,lower back,body only,back_extension,0,0,,,stretch/SMR row
hide,seed-Supine_Chest_Throw,,supine chest throw,triceps,medicine ball,push_up,0,0,,,niche/unused category
hide,seed-Supine_One-Arm_Overhead_Throw,,supine one-arm overhead throw,abdominals,medicine ball,running,0,0,,,niche/unused category
hide,seed-Supine_Two-Arm_Overhead_Throw,,supine two-arm overhead throw,abdominals,medicine ball,running,0,0,,,niche/unused category
hide,seed-Suspended_Fallout,,suspended fallout,abdominals,other,ab_rollout,0,0,,,unused by Cameron and not a staple
hide,seed-Suspended_Push-Up,,suspended push-up,chest,other,push_up,0,0,,,unused by Cameron and not a staple
hide,seed-Suspended_Reverse_Crunch,,suspended reverse crunch,abdominals,other,crunch,0,0,,,unused by Cameron and not a staple
hide,seed-Suspended_Row,,suspended row,middle back,other,inverted_row,0,0,,,unused by Cameron and not a staple
hide,seed-Suspended_Split_Squat,,suspended split squat,quadriceps,other,split_squat,0,0,,,unused by Cameron and not a staple
hide,seed-Svend_Press,,svend press,chest,other,bench_press,0,0,,,unused by Cameron and not a staple
hide,seed-T-Bar_Row_with_Handle,,t-bar row with handle,middle back,barbell,chest_supported_row,0,0,,,unused by Cameron and not a staple
hide,seed-Tate_Press,,tate press,triceps,dumbbell,triceps_pushdown,0,0,,,unused by Cameron and not a staple
hide,seed-The_Straddle,,the straddle,hamstrings,,squat,0,0,,,stretch/SMR row
hide,seed-Thigh_Abductor,,thigh abductor,abductors,machine,hip_abduction,0,0,,,unused by Cameron and not a staple
hide,seed-Thigh_Adductor,,thigh adductor,adductors,machine,hip_adduction,0,0,,,unused by Cameron and not a staple
hide,seed-Tire_Flip,,tire flip,quadriceps,other,power_clean,0,0,,,niche/unused category
hide,seed-Toe_Touchers,,toe touchers,abdominals,body only,crunch,0,0,,,stretch/SMR row
hide,seed-Torso_Rotation,,torso rotation,abdominals,exercise ball,russian_twist,0,0,,,stretch/SMR row
hide,seed-Trail_Running_Walking,,trail running/walking,quadriceps,,running,0,0,,,unused by Cameron and not a staple
hide,seed-Trap_Bar_Deadlift,,trap bar deadlift,quadriceps,other,deadlift,0,0,,,unused by Cameron and not a staple
hide,seed-Tricep_Dumbbell_Kickback,,tricep dumbbell kickback,triceps,dumbbell,triceps_kickback,0,0,,,unused by Cameron and not a staple
hide,seed-Tricep_Side_Stretch,,tricep side stretch,triceps,,triceps_pushdown,0,0,,,stretch/SMR row
hide,seed-Triceps_Overhead_Extension_with_Rope,,triceps overhead extension with rope,triceps,cable,overhead_triceps_extension,0,0,,,unused by Cameron and not a staple
hide,seed-Triceps_Pushdown,,triceps pushdown,triceps,cable,triceps_pushdown,0,0,,,unused by Cameron and not a staple
hide,seed-Triceps_Pushdown_-_Rope_Attachment,,triceps pushdown - rope attachment,triceps,cable,triceps_pushdown,0,0,,,unused by Cameron and not a staple
hide,seed-Triceps_Pushdown_-_V-Bar_Attachment,,triceps pushdown - v-bar attachment,triceps,cable,triceps_pushdown,0,0,,,unused by Cameron and not a staple
hide,seed-Triceps_Stretch,,triceps stretch,triceps,,triceps_pushdown,0,0,,,stretch/SMR row
hide,seed-Tuck_Crunch,,tuck crunch,abdominals,body only,crunch,0,0,,,unused by Cameron and not a staple
hide,seed-Two-Arm_Dumbbell_Preacher_Curl,,two-arm dumbbell preacher curl,biceps,dumbbell,preacher_curl,0,0,,,unused by Cameron and not a staple
hide,seed-Two-Arm_Kettlebell_Clean,,two-arm kettlebell clean,shoulders,kettlebells,power_clean,0,0,,,unused by Cameron and not a staple
hide,seed-Two-Arm_Kettlebell_Jerk,,two-arm kettlebell jerk,shoulders,kettlebells,clean_and_press,0,0,,,unused by Cameron and not a staple
hide,seed-Two-Arm_Kettlebell_Military_Press,,two-arm kettlebell military press,shoulders,kettlebells,shoulder_press,0,0,,,unused by Cameron and not a staple
hide,seed-Two-Arm_Kettlebell_Row,,two-arm kettlebell row,middle back,kettlebells,bent_over_row,0,0,,,unused by Cameron and not a staple
hide,seed-Underhand_Cable_Pulldowns,,underhand cable pulldowns,lats,cable,lat_pulldown,0,0,,,unused by Cameron and not a staple
hide,seed-Upper_Back-Leg_Grab,,upper back-leg grab,hamstrings,,squat,0,0,,,stretch/SMR row
hide,seed-Upper_Back_Stretch,,upper back stretch,middle back,,squat,0,0,,,stretch/SMR row
hide,seed-Upright_Row_-_With_Bands,,upright row - with bands,traps,bands,upright_row,0,0,,,unused by Cameron and not a staple
hide,seed-Upward_Stretch,,upward stretch,shoulders,,squat,0,0,,,stretch/SMR row
hide,seed-V-Bar_Pulldown,,v-bar pulldown,lats,cable,lat_pulldown,0,0,,,unused by Cameron and not a staple
hide,seed-V-Bar_Pullup,,v-bar pullup,lats,body only,pull_up,0,0,,,unused by Cameron and not a staple
hide,seed-Vertical_Swing,,vertical swing,hamstrings,dumbbell,kettlebell_swing,0,0,,,niche/unused category
hide,seed-Weighted_Ball_Hyperextension,,weighted ball hyperextension,lower back,exercise ball,back_extension,0,0,,,unused by Cameron and not a staple
hide,seed-Weighted_Ball_Side_Bend,,weighted ball side bend,abdominals,exercise ball,russian_twist,0,0,,,unused by Cameron and not a staple
hide,seed-Weighted_Bench_Dip,,weighted bench dip,triceps,other,triceps_dip,0,0,,,unused by Cameron and not a staple
hide,seed-Weighted_Crunches,,weighted crunches,abdominals,medicine ball,crunch,0,0,,,unused by Cameron and not a staple
hide,seed-Weighted_Jump_Squat,,weighted jump squat,quadriceps,barbell,squat,0,0,,,unused by Cameron and not a staple
hide,seed-Weighted_Pull_Ups,,weighted pull ups,lats,other,pull_up,0,0,,,unused by Cameron and not a staple
hide,seed-Weighted_Sissy_Squat,,weighted sissy squat,quadriceps,barbell,sissy_squat,0,0,,,unused by Cameron and not a staple
hide,seed-Weighted_Sit-Ups_-_With_Bands,,weighted sit-ups - with bands,abdominals,other,sit_up,0,0,,,unused by Cameron and not a staple
hide,seed-Weighted_Squat,,weighted squat,quadriceps,other,squat,0,0,,,unused by Cameron and not a staple
hide,seed-Wide-Grip_Barbell_Bench_Press,,wide-grip barbell bench press,chest,barbell,bench_press,0,0,,,unused by Cameron and not a staple
hide,seed-Wide-Grip_Decline_Barbell_Bench_Press,,wide-grip decline barbell bench press,chest,barbell,decline_press,0,0,,,unused by Cameron and not a staple
hide,seed-Wide-Grip_Decline_Barbell_Pullover,,wide-grip decline barbell pullover,chest,barbell,chest_pullover,0,0,,,unused by Cameron and not a staple
hide,seed-Wide-Grip_Lat_Pulldown,,wide-grip lat pulldown,lats,cable,lat_pulldown,0,0,,,unused by Cameron and not a staple
hide,seed-Wide-Grip_Pulldown_Behind_The_Neck,,wide-grip pulldown behind the neck,lats,cable,lat_pulldown,0,0,,,unused by Cameron and not a staple
hide,seed-Wide-Grip_Rear_Pull-Up,,wide-grip rear pull-up,lats,body only,pull_up,0,0,,,unused by Cameron and not a staple
hide,seed-Wide-Grip_Standing_Barbell_Curl,,wide-grip standing barbell curl,biceps,barbell,biceps_curl,0,0,,,unused by Cameron and not a staple
hide,seed-Wide_Stance_Barbell_Squat,,wide stance barbell squat,quadriceps,barbell,squat,0,0,,,unused by Cameron and not a staple
hide,seed-Wide_Stance_Stiff_Legs,,wide stance stiff legs,hamstrings,barbell,stiff_leg_deadlift,0,0,,,unused by Cameron and not a staple
hide,seed-Wind_Sprints,,wind sprints,abdominals,body only,running,0,0,,,unused by Cameron and not a staple
hide,seed-Windmills,,windmills,abductors,,russian_twist,0,0,,,stretch/SMR row
hide,seed-Worlds_Greatest_Stretch,,world's greatest stretch,hamstrings,,squat,0,0,,,stretch/SMR row
hide,seed-Wrist_Circles,,wrist circles,forearms,body only,wrist_curl,0,0,,,stretch/SMR row
hide,seed-Wrist_Roller,,wrist roller,forearms,other,wrist_curl,0,0,,,unused by Cameron and not a staple
hide,seed-Wrist_Rotations_with_Straight_Bar,,wrist rotations with straight bar,forearms,barbell,wrist_curl,0,0,,,unused by Cameron and not a staple
hide,seed-Yoke_Walk,,yoke walk,quadriceps,other,farmers_walk,0,0,,,niche/unused category
hide,seed-Zercher_Squats,,zercher squats,quadriceps,barbell,squat,0,0,,,unused by Cameron and not a staple
hide,seed-Zottman_Curl,,zottman curl,biceps,dumbbell,biceps_curl,0,0,,,unused by Cameron and not a staple
hide,seed-Zottman_Preacher_Curl,,zottman preacher curl,biceps,dumbbell,preacher_curl,0,0,,,unused by Cameron and not a staple
keep,seed-squat,Squat (Barbell),squat (barbell),quadriceps,barbell,squat,254,41,2026-04-25,,overlay-only row
keep,seed-dumbbell-lateral-raise,Lateral Raise (Dumbbell),lateral raise (dumbbell),shoulders,dumbbell,lateral_raise,214,49,2026-05-26,,overlay-only row
keep,seed-pull-up,Pull Up,pull up,lats,bodyweight,pull_up,201,66,2026-04-29,,overlay-only row
keep,seed-bench-press,Bench Press (Barbell),bench press (barbell),chest,barbell,bench_press,194,30,2026-01-03,,overlay-only row
keep,seed-ez-bar-curl,EZ Bar Biceps Curl,ez bar biceps curl,biceps,barbell,biceps_curl,187,52,2026-04-29,,overlay-only row
keep,seed-cable-face-pull,Face Pull (Cable),cable face pull,shoulders,cable,face_pull,159,53,2026-04-09,,overlay-only row
keep,seed-Machine_Triceps_Extension,,machine triceps extension,triceps,machine,triceps_pushdown,154,47,2026-04-03,,used by Cameron (154 sets)
keep,seed-lat-pulldown,Lat Pulldown (Cable),lat pulldown (cable),lats,cable,lat_pulldown,151,43,2026-05-29,,overlay-only row
keep,seed-Preacher_Hammer_Dumbbell_Curl,,preacher hammer dumbbell curl,biceps,dumbbell,preacher_curl,150,45,2026-04-29,,used by Cameron (150 sets)
keep,seed-triceps-rope-pushdown,Triceps Rope Pushdown,triceps rope pushdown,triceps,cable,triceps_pushdown,144,50,2026-05-31,,overlay-only row
keep,seed-leg-extension,Leg Extension (Machine),leg extension,quadriceps,machine,leg_extension,139,43,2026-05-27,,overlay-only row
keep,seed-barbell-row,Bent Over Row (Barbell),bent over row (barbell),upper back,barbell,bent_over_row,138,31,2026-04-29,,overlay-only row
keep,seed-machine-crunch,Crunch (Machine),machine crunch,abs,machine,crunch,130,45,2026-05-27,,overlay-only row
keep,seed-tricep-pushdown,Tricep Pushdown (Cable),tricep pushdown (cable),triceps,cable,triceps_pushdown,130,41,2026-05-18,,overlay-only row
keep,seed-calf-extension,Calf Extension (Machine),calf extension,calves,machine,standing_calf_raise,123,37,2026-05-27,,overlay-only row
keep,seed-Dumbbell_Shoulder_Press,,dumbbell shoulder press,shoulders,dumbbell,shoulder_press,100,28,2026-05-18,,used by Cameron (100 sets)
keep,seed-machine-rear-delt-fly,Rear Delt Reverse Fly (Machine),machine rear delt fly,shoulders,machine,rear_delt_fly,92,29,2026-05-22,,overlay-only row
keep,seed-lying-leg-curl,Lying Leg Curl (Machine),lying leg curl,hamstrings,machine,lying_leg_curl,90,29,2026-05-27,,overlay-only row
keep,seed-chest-supported-row,Iso-Lateral Row (Machine),chest-supported machine row,upper back,machine,chest_supported_row,71,22,2026-05-29,,overlay-only row
keep,seed-Cable_Rope_Overhead_Triceps_Extension,,cable rope overhead triceps extension,triceps,cable,overhead_triceps_extension,70,22,2026-05-26,,used by Cameron (70 sets)
keep,seed-Standing_Dumbbell_Triceps_Extension,,standing dumbbell triceps extension,triceps,dumbbell,overhead_triceps_extension,67,20,2025-12-08,,used by Cameron (67 sets)
keep,seed-Reverse_Barbell_Curl,,reverse barbell curl,biceps,barbell,reverse_curl,53,17,2026-02-06,,used by Cameron (53 sets)
keep,seed-Barbell_Deadlift,,barbell deadlift,lower back,barbell,deadlift,48,7,2026-02-02,,used by Cameron (48 sets)
keep,seed-seated-leg-curl,Seated Leg Curl (Machine),seated leg curl,hamstrings,machine,seated_leg_curl,47,16,2026-03-23,,overlay-only row
keep,seed-dumbbell-curl,Curl (Dumbbell),curl (dumbbell),biceps,dumbbell,biceps_curl,43,14,2026-04-09,,overlay-only row
keep,seed-romanian-deadlift,Romanian Deadlift (Barbell),romanian deadlift (barbell),hamstrings,barbell,romanian_deadlift,41,11,2026-04-25,,overlay-only row
keep,seed-machine-chest-press,Chest Press (Machine),machine chest press,chest,machine,bench_press,39,11,2026-05-26,,overlay-only row
keep,seed-horizontal-leg-press,Leg Press Horizontal (Machine),horizontal leg press,quadriceps,machine,leg_press,37,11,2026-05-27,,overlay-only row
keep,seed-single-arm-cable-lateral-raise,Single Arm Lateral Raise (Cable),single-arm cable lateral raise,shoulders,cable,lateral_raise,35,9,2026-05-31,,overlay-only row
keep,seed-Cable_Seated_Lateral_Raise,,cable seated lateral raise,shoulders,cable,lateral_raise,27,9,2025-12-30,,used by Cameron (27 sets)
keep,seed-Seated_Calf_Raise,,seated calf raise,calves,machine,seated_calf_raise,27,8,2026-04-10,,used by Cameron (27 sets)
keep,seed-Dumbbell_Shrug,,dumbbell shrug,traps,dumbbell,shrug,25,9,2026-04-09,,used by Cameron (25 sets)
keep,seed-Calf_Press_On_The_Leg_Press_Machine,,calf press on the leg press machine,calves,machine,standing_calf_raise,23,8,2026-04-05,,used by Cameron (23 sets)
keep,seed-Low_Cable_Triceps_Extension,,low cable triceps extension,triceps,cable,overhead_triceps_extension,11,3,2025-05-26,,used by Cameron (11 sets)
keep,seed-Close-Grip_Barbell_Bench_Press,,close-grip barbell bench press,triceps,barbell,close_grip_bench_press,10,3,2026-01-26,,used by Cameron (10 sets)
keep,seed-Machine_Bicep_Curl,,machine bicep curl,biceps,machine,biceps_curl,7,2,2025-06-10,,used by Cameron (7 sets)
keep,seed-Standing_Dumbbell_Upright_Row,,standing dumbbell upright row,traps,dumbbell,upright_row,7,2,2026-03-04,,used by Cameron (7 sets)
keep,seed-Upright_Barbell_Row,,upright barbell row,shoulders,barbell,upright_row,5,1,2025-12-09,,used by Cameron (5 sets)
keep,seed-Running_Treadmill,,"running, treadmill",quadriceps,machine,running,4,3,2026-05-18,,used by Cameron (4 sets)
keep,seed-overhead-press,Overhead Press (Barbell),overhead press (barbell),shoulders,barbell,shoulder_press,4,1,2025-01-22,,overlay-only row
keep,seed-hip-thrust,Hip Thrust (Barbell),hip thrust (barbell),glutes,barbell,hip_thrust,4,1,2024-12-03,,overlay-only row
keep,seed-standing-calf-raise,Standing Calf Raise,standing calf raise,calves,machine,standing_calf_raise,4,2,2025-01-08,,overlay-only row
keep,seed-Bent-Arm_Dumbbell_Pullover,,bent-arm dumbbell pullover,chest,dumbbell,chest_pullover,3,1,2025-11-20,,used by Cameron (3 sets)
keep,seed-Cross_Body_Hammer_Curl,,cross body hammer curl,biceps,dumbbell,hammer_curl,3,1,2025-01-11,,used by Cameron (3 sets)
keep,seed-Hanging_Leg_Raise,,hanging leg raise,abdominals,body only,hanging_leg_raise,3,1,2025-11-22,,used by Cameron (3 sets)
keep,seed-Jogging_Treadmill,,"jogging, treadmill",quadriceps,machine,running,3,3,2025-12-30,,used by Cameron (3 sets)
keep,seed-Lying_T-Bar_Row,,lying t-bar row,middle back,machine,chest_supported_row,3,1,2026-04-01,,used by Cameron (3 sets)
keep,seed-Upright_Cable_Row,,upright cable row,traps,cable,upright_row,3,1,2025-03-26,,used by Cameron (3 sets)
keep,seed-Standing_Overhead_Barbell_Triceps_Extension,,standing overhead barbell triceps extension,triceps,barbell,overhead_triceps_extension,2,1,2025-01-06,,used by Cameron (2 sets)
keep,seed-Plank,,plank,abdominals,body only,plank,1,1,2025-11-18,,used by Cameron (1 sets)
keep,seed-Walking_Treadmill,,"walking, treadmill",quadriceps,machine,running,1,1,2026-05-05,,used by Cameron (1 sets)
keep,seed-Cable_Crossover,,cable crossover,chest,cable,chest_fly,0,0,,,hevy-style staple
keep,seed-Chin-Up,,chin-up,lats,body only,pull_up,0,0,,,hevy-style staple
keep,seed-Hack_Squat,,hack squat,quadriceps,machine,hack_squat,0,0,,,hevy-style staple
keep,seed-Leg_Press,,leg press,quadriceps,machine,leg_press,0,0,,,hevy-style staple
keep,seed-Seated_Leg_Curl,,seated leg curl,hamstrings,machine,seated_leg_curl,0,0,,,hevy-style staple
keep,seed-Smith_Machine_Bench_Press,,smith machine bench press,chest,machine,bench_press,0,0,,,hevy-style staple
keep,seed-Smith_Machine_Squat,,smith machine squat,quadriceps,machine,squat,0,0,,,hevy-style staple
keep,seed-incline-dumbbell-press,Incline Dumbbell Press,incline dumbbell press,chest,dumbbell,incline_press,0,0,,,overlay-only row
keep,seed-single-arm-dumbbell-row,Single Arm Dumbbell Row,single-arm dumbbell row,upper back,dumbbell,single_arm_row,0,0,,,overlay-only row
keep,seed-seated-dumbbell-shoulder-press,Seated Dumbbell Shoulder Press,seated dumbbell shoulder press,shoulders,dumbbell,shoulder_press,0,0,,,overlay-only row
keep,seed-seated-cable-row,Seated Cable Row,seated cable row,upper back,cable,seated_row,0,0,,,overlay-only row
merge_into:seed-Cable_Crossover,seed-Single-Arm_Cable_Crossover,,single-arm cable crossover,chest,cable,chest_fly,0,0,,seed-Cable_Crossover,duplicate variant of same movement/equipment
merge_into:seed-Dumbbell_Bench_Press,seed-One_Arm_Dumbbell_Bench_Press,,one arm dumbbell bench press,chest,dumbbell,bench_press,0,0,,seed-Dumbbell_Bench_Press,duplicate variant of same movement/equipment
merge_into:seed-Dumbbell_Shoulder_Press,seed-Dumbbell_One-Arm_Shoulder_Press,,dumbbell one-arm shoulder press,shoulders,dumbbell,shoulder_press,0,0,,seed-Dumbbell_Shoulder_Press,duplicate variant of same movement/equipment
merge_into:seed-Seated_Dumbbell_Palms-Down_Wrist_Curl,seed-Seated_One-Arm_Dumbbell_Palms-Down_Wrist_Curl,,seated one-arm dumbbell palms-down wrist curl,forearms,dumbbell,reverse_wrist_curl,0,0,,seed-Seated_Dumbbell_Palms-Down_Wrist_Curl,duplicate variant of same movement/equipment
merge_into:seed-Smith_Machine_Upright_Row,seed-Smith_Machine_One-Arm_Upright_Row,,smith machine one-arm upright row,shoulders,machine,upright_row,0,0,,seed-Smith_Machine_Upright_Row,duplicate variant of same movement/equipment
merge_into:seed-Standing_Dumbbell_Triceps_Extension,seed-Standing_One-Arm_Dumbbell_Triceps_Extension,,standing one-arm dumbbell triceps extension,triceps,dumbbell,overhead_triceps_extension,0,0,,seed-Standing_Dumbbell_Triceps_Extension,duplicate variant of same movement/equipment
add_new,,Bench Press (Dumbbell),bench press dumbbell,chest,dumbbell,bench_press,299,61,2026-04-27,bench press dumbbell,logged in Hevy history but missing from catalogue
add_new,,Shoulder Press (Machine Plates),shoulder press machine plates,,machine,shoulder_press,149,39,2026-05-31,shoulder press machine plates,logged in Hevy history but missing from catalogue
add_new,,Hammer Curl (Cable),hammer curl cable,biceps,cable,hammer_curl,145,46,2026-05-31,hammer curl cable,logged in Hevy history but missing from catalogue
add_new,,Chest Fly (Machine),chest fly machine,chest,machine,chest_fly,119,40,2026-05-26,chest fly machine,logged in Hevy history but missing from catalogue
add_new,,Lateral Raise (Machine),lateral raise machine,lats,machine,lateral_raise,82,23,2025-08-25,lateral raise machine,logged in Hevy history but missing from catalogue
add_new,,Triceps Dip,triceps dip,triceps,,triceps_dip,80,29,2026-03-05,triceps dip,logged in Hevy history but missing from catalogue
add_new,,Hip Thrust (Machine),hip thrust machine,glutes,machine,hip_thrust,78,24,2026-04-25,hip thrust machine,logged in Hevy history but missing from catalogue
add_new,,Incline Bench Press (Dumbbell),incline bench press dumbbell,chest,dumbbell,incline_press,69,17,2026-05-29,incline bench press dumbbell,logged in Hevy history but missing from catalogue
add_new,,Seated Incline Curl (Dumbbell),seated incline curl dumbbell,biceps,dumbbell,incline_biceps_curl,62,19,2026-05-31,seated incline curl dumbbell,logged in Hevy history but missing from catalogue
add_new,,Seated Row (Machine),seated row machine,upper back,machine,seated_row,61,19,2026-05-18,seated row machine,logged in Hevy history but missing from catalogue
add_new,,Rear Delt Reverse Fly (Cable),rear delt reverse fly cable,chest,cable,rear_delt_fly,49,14,2025-11-21,rear delt reverse fly cable,logged in Hevy history but missing from catalogue
add_new,,Preacher Curl (Barbell),preacher curl barbell,biceps,barbell,preacher_curl,48,15,2026-04-11,preacher curl barbell,logged in Hevy history but missing from catalogue
add_new,,Seated Cable Row - V Grip (Cable),seated cable row v grip cable,upper back,cable,seated_row,45,14,2026-04-14,seated cable row v grip cable,logged in Hevy history but missing from catalogue
add_new,,Lat Pulldown (Machine),lat pulldown machine,lats,machine,lat_pulldown,34,10,2026-04-11,lat pulldown machine,logged in Hevy history but missing from catalogue
add_new,,Back Extension (Weighted Hyperextension),back extension weighted hyperextension,lower back,,back_extension,30,9,2026-03-23,back extension weighted hyperextension,logged in Hevy history but missing from catalogue
add_new,,Skullcrusher (Barbell),skullcrusher barbell,triceps,barbell,skullcrusher,30,10,2026-02-01,skullcrusher barbell,logged in Hevy history but missing from catalogue
add_new,,Seated Shoulder Press (Machine),seated shoulder press machine,,machine,shoulder_press,29,9,2026-05-26,seated shoulder press machine,logged in Hevy history but missing from catalogue
add_new,,Hack Squat (Machine),hack squat machine,quadriceps,machine,hack_squat,24,4,2026-03-23,hack squat machine,logged in Hevy history but missing from catalogue
add_new,,Bicep Curl (Barbell),bicep curl barbell,biceps,barbell,biceps_curl,20,7,2026-03-05,bicep curl barbell,logged in Hevy history but missing from catalogue
add_new,,Butterfly (Pec Deck),butterfly pec deck,chest,,chest_fly,19,7,2026-01-19,butterfly pec deck,logged in Hevy history but missing from catalogue
add_new,,Lat Pulldown - Close Grip (Cable),lat pulldown close grip cable,lats,cable,lat_pulldown,19,6,2026-03-02,lat pulldown close grip cable,logged in Hevy history but missing from catalogue
add_new,,Cable Fly Crossovers,cable fly crossovers,chest,,,18,6,2026-04-13,cable fly crossovers,logged in Hevy history but missing from catalogue
add_new,,Seated Dip (Machine),seated dip machine,,,,16,5,2025-11-28,seated dip machine,logged in Hevy history but missing from catalogue
add_new,,Bicep Curl (Cable),bicep curl cable,biceps,cable,biceps_curl,15,6,2026-04-24,bicep curl cable,logged in Hevy history but missing from catalogue
add_new,,Preacher Curl (Machine),preacher curl machine,biceps,machine,preacher_curl,15,4,2026-03-28,preacher curl machine,logged in Hevy history but missing from catalogue
add_new,,Skullcrusher (Dumbbell),skullcrusher dumbbell,triceps,dumbbell,skullcrusher,14,5,2026-02-18,skullcrusher dumbbell,logged in Hevy history but missing from catalogue
add_new,,Decline Crunch (Weighted),decline crunch weighted,abs,,crunch,12,4,2026-02-06,decline crunch weighted,logged in Hevy history but missing from catalogue
add_new,,Push Up,push up,,,push_up,11,4,2025-01-29,push up,logged in Hevy history but missing from catalogue
add_new,,Bulgarian Split Squat,bulgarian split squat,quadriceps,,split_squat,10,3,2025-04-11,bulgarian split squat,logged in Hevy history but missing from catalogue
add_new,,Hip Abduction (Machine),hip abduction machine,abductors,machine,hip_abduction,10,3,2026-02-12,hip abduction machine,logged in Hevy history but missing from catalogue
add_new,,Low Cable Fly Crossovers,low cable fly crossovers,chest,,,9,3,2025-04-26,low cable fly crossovers,logged in Hevy history but missing from catalogue
add_new,,Reverse Fly Single Arm (Cable),reverse fly single arm cable,chest,cable,,9,3,2026-04-14,reverse fly single arm cable,logged in Hevy history but missing from catalogue
add_new,,Reverse Grip Tricep Pushdown,reverse grip tricep pushdown,triceps,,,9,4,2025-04-07,reverse grip tricep pushdown,logged in Hevy history but missing from catalogue
add_new,,Triceps Kickback (Cable),triceps kickback cable,triceps,cable,triceps_kickback,9,3,2025-10-05,triceps kickback cable,logged in Hevy history but missing from catalogue
add_new,,Rear Delt Reverse Fly (Dumbbell),rear delt reverse fly dumbbell,chest,dumbbell,rear_delt_fly,8,2,2025-01-23,rear delt reverse fly dumbbell,logged in Hevy history but missing from catalogue
add_new,,Seated Overhead Press (Dumbbell),seated overhead press dumbbell,,dumbbell,shoulder_press,8,2,2026-02-15,seated overhead press dumbbell,logged in Hevy history but missing from catalogue
add_new,,Chest Supported Y Raise (Dumbbell),chest supported y raise dumbbell,shoulders,dumbbell,y_raise,7,2,2025-10-20,chest supported y raise dumbbell,logged in Hevy history but missing from catalogue
add_new,,Single Arm Tricep Extension (Dumbbell),single arm tricep extension dumbbell,triceps,dumbbell,overhead_triceps_extension,6,2,2026-02-26,single arm tricep extension dumbbell,logged in Hevy history but missing from catalogue
add_new,,Single Leg Romanian Deadlift (Dumbbell),single leg romanian deadlift dumbbell,hamstrings,dumbbell,single_leg_rdl,6,2,2025-04-11,single leg romanian deadlift dumbbell,logged in Hevy history but missing from catalogue
add_new,,Nordic Hamstrings Curls,nordic hamstrings curls,biceps,,,4,1,2025-01-08,nordic hamstrings curls,logged in Hevy history but missing from catalogue
add_new,,Behind the Back Curl (Cable),behind the back curl cable,biceps,cable,,3,1,2026-05-13,behind the back curl cable,logged in Hevy history but missing from catalogue
add_new,,Bench Dip,bench dip,chest,,triceps_dip,3,1,2025-02-13,bench dip,logged in Hevy history but missing from catalogue
add_new,,Chest Dip,chest dip,,,chest_dip,3,1,2025-01-22,chest dip,logged in Hevy history but missing from catalogue
add_new,,Chest Fly (Dumbbell),chest fly dumbbell,chest,dumbbell,chest_fly,3,1,2025-11-20,chest fly dumbbell,logged in Hevy history but missing from catalogue
add_new,,Diamond Push Up,diamond push up,,,,3,1,2025-01-29,diamond push up,logged in Hevy history but missing from catalogue
add_new,,Hex Press (Dumbbell),hex press dumbbell,chest,dumbbell,,3,1,2025-10-26,hex press dumbbell,logged in Hevy history but missing from catalogue
add_new,,Hip Adduction (Machine),hip adduction machine,adductors,machine,hip_adduction,3,1,2024-12-17,hip adduction machine,logged in Hevy history but missing from catalogue
add_new,,Incline Chest Fly (Dumbbell),incline chest fly dumbbell,chest,dumbbell,incline_chest_fly,3,1,2025-11-24,incline chest fly dumbbell,logged in Hevy history but missing from catalogue
add_new,,Incline Chest Press (Machine),incline chest press machine,,machine,incline_press,3,1,2025-03-28,incline chest press machine,logged in Hevy history but missing from catalogue
add_new,,JM Press (Barbell),jm press barbell,,barbell,jm_press,3,1,2025-10-18,jm press barbell,logged in Hevy history but missing from catalogue
add_new,,Rear Kick (Machine),rear kick machine,,machine,,3,1,2026-02-27,rear kick machine,logged in Hevy history but missing from catalogue
add_new,,Romanian Deadlift (Dumbbell),romanian deadlift dumbbell,hamstrings,dumbbell,romanian_deadlift,3,1,2026-05-27,romanian deadlift dumbbell,logged in Hevy history but missing from catalogue
add_new,,Shrug (Cable),shrug cable,traps,cable,shrug,3,1,2025-09-24,shrug cable,logged in Hevy history but missing from catalogue
add_new,,Single Arm Triceps Pushdown (Cable),single arm triceps pushdown cable,triceps,cable,triceps_pushdown,3,1,2025-12-22,single arm triceps pushdown cable,logged in Hevy history but missing from catalogue
add_new,,Single Leg Standing Calf Raise (Machine),single leg standing calf raise machine,calves,machine,standing_calf_raise,3,1,2025-11-26,single leg standing calf raise machine,logged in Hevy history but missing from catalogue
add_new,,Standing Calf Raise (Dumbbell),standing calf raise dumbbell,calves,dumbbell,standing_calf_raise,3,1,2025-04-11,standing calf raise dumbbell,logged in Hevy history but missing from catalogue
add_new,,Straight Arm Lat Pulldown (Cable),straight arm lat pulldown cable,lats,cable,straight_arm_pulldown,3,1,2025-02-26,straight arm lat pulldown cable,logged in Hevy history but missing from catalogue
add_new,,Push Up - Close Grip,push up close grip,,,,2,1,2025-03-25,push up close grip,logged in Hevy history but missing from catalogue
add_new,,Side Plank,side plank,abs,,side_plank,2,1,2025-11-18,side plank,logged in Hevy history but missing from catalogue
add_new,,Aerobics,aerobics,,,,1,1,2026-01-15,aerobics,logged in Hevy history but missing from catalogue
add_new,,Cycling,cycling,,,cycling,1,1,2025-03-16,cycling,logged in Hevy history but missing from catalogue
add_new,,Pilates,pilates,lats,,,1,1,2026-01-09,pilates,logged in Hevy history but missing from catalogue
add_new,,Warm Up,warm up,,,,1,1,2026-02-01,warm up,logged in Hevy history but missing from catalogue
